Município;Dose;Total Doses Aplicadas
ZACARIAS;UNICA;69
VOTUPORANGA;UNICA;2314
VOTORANTIM;UNICA;3252
VITÓRIA BRASIL;UNICA;37
VISTA ALEGRE DO ALTO;UNICA;254
VIRADOURO;UNICA;457
VINHEDO;UNICA;2286
VERA CRUZ;UNICA;181
VÁRZEA PAULISTA;UNICA;3590
VARGEM GRANDE PAULISTA;UNICA;1317
VARGEM GRANDE DO SUL;UNICA;1018
VARGEM;UNICA;263
VALPARAÍSO;UNICA;609
VALINHOS;UNICA;3342
VALENTIM GENTIL;UNICA;405
URUPÊS;UNICA;351
URU;UNICA;26
URÂNIA;UNICA;232
UNIÃO PAULISTA;UNICA;36
UCHOA;UNICA;231
UBIRAJARA;UNICA;104
UBATUBA;UNICA;2139
UBARANA;UNICA;160
TURMALINA;UNICA;23
TURIÚBA;UNICA;39
TUPI PAULISTA;UNICA;325
TUPÃ;UNICA;1384
TUIUTI;UNICA;180
TRÊS FRONTEIRAS;UNICA;134
TREMEMBÉ;UNICA;1221
TRABIJU;UNICA;35
TORRINHA;UNICA;256
TORRE DE PEDRA;UNICA;50
TIMBURI;UNICA;39
TIETÊ;UNICA;1123
TERRA ROXA;UNICA;245
TEODORO SAMPAIO;UNICA;574
TEJUPÁ;UNICA;90
TAUBATÉ;UNICA;7111
TATUÍ;UNICA;3091
TARUMÃ;UNICA;414
TARABAI;UNICA;204
TAQUARIVAÍ;UNICA;130
TAQUARITUBA;UNICA;495
TAQUARITINGA;UNICA;1300
TAQUARAL;UNICA;59
TAPIRATIBA;UNICA;283
TAPIRAÍ;UNICA;151
TANABI;UNICA;625
TAMBAÚ;UNICA;573
TAIÚVA;UNICA;158
TAIAÇU;UNICA;150
TAGUAÍ;UNICA;342
TACIBA;UNICA;156
TABOÃO DA SERRA;UNICA;7650
TABATINGA;UNICA;521
TABAPUÃ;UNICA;269
SUZANO;UNICA;7548
SUZANÁPOLIS;UNICA;65
SUMARÉ;UNICA;7986
SUD MENNUCCI;UNICA;196
SOROCABA;UNICA;14909
SOCORRO;UNICA;983
SILVEIRAS;UNICA;163
SEVERÍNIA;UNICA;512
SETE BARRAS;UNICA;258
SERTÃOZINHO;UNICA;3545
SERRA NEGRA;UNICA;637
SERRA AZUL;UNICA;156
SEBASTIANÓPOLIS DO SUL;UNICA;82
SARUTAIÁ;UNICA;66
SARAPUÍ;UNICA;261
SÃO VICENTE;UNICA;7586
SÃO SIMÃO;UNICA;355
SÃO SEBASTIÃO DA GRAMA;UNICA;295
SÃO SEBASTIÃO;UNICA;2349
SÃO ROQUE;UNICA;2021
SÃO PEDRO DO TURVO;UNICA;160
SÃO PEDRO;UNICA;778
SÃO PAULO;UNICA;322429
SÃO MIGUEL ARCANJO;UNICA;836
SÃO MANUEL;UNICA;1037
SÃO LUIZ DO PARAITINGA;UNICA;240
SÃO LOURENÇO DA SERRA;UNICA;361
SÃO JOSÉ DOS CAMPOS;UNICA;15935
SÃO JOSÉ DO RIO PRETO;UNICA;11551
SÃO JOSÉ DO RIO PARDO;UNICA;1256
SÃO JOSÉ DO BARREIRO;UNICA;88
SÃO JOSÉ DA BELA VISTA;UNICA;228
SÃO JOAQUIM DA BARRA;UNICA;1438
SÃO JOÃO DO PAU D'ALHO;UNICA;30
SÃO JOÃO DE IRACEMA;UNICA;35
SÃO JOÃO DAS DUAS PONTES;UNICA;60
SÃO JOÃO DA BOA VISTA;UNICA;2116
SÃO FRANCISCO;UNICA;43
SÃO CARLOS;UNICA;6794
SÃO CAETANO DO SUL;UNICA;3244
SÃO BERNARDO DO CAMPO;UNICA;20998
SÃO BENTO DO SAPUCAÍ;UNICA;239
SANTOS;UNICA;7955
SANTÓPOLIS DO AGUAPEÍ;UNICA;162
SANTO EXPEDITO;UNICA;60
SANTO ANTÔNIO DO PINHAL;UNICA;148
SANTO ANTÔNIO DO JARDIM;UNICA;193
SANTO ANTÔNIO DO ARACANGUÁ;UNICA;235
SANTO ANTÔNIO DE POSSE;UNICA;647
SANTO ANTÔNIO DA ALEGRIA;UNICA;156
SANTO ANDRÉ;UNICA;15731
SANTO ANASTÁCIO;UNICA;507
SANTANA DE PARNAÍBA;UNICA;3746
SANTANA DA PONTE PENSA;UNICA;32
SANTA SALETE;UNICA;30
SANTA ROSA DE VITERBO;UNICA;666
SANTA RITA DO PASSA QUATRO;UNICA;552
SANTA RITA D'OESTE;UNICA;58
SANTA MERCEDES;UNICA;53
SANTA MARIA DA SERRA;UNICA;173
SANTA LÚCIA;UNICA;239
SANTA ISABEL;UNICA;1138
SANTA GERTRUDES;UNICA;628
SANTA FÉ DO SUL;UNICA;704
SANTA ERNESTINA;UNICA;164
SANTA CRUZ DO RIO PARDO;UNICA;980
SANTA CRUZ DAS PALMEIRAS;UNICA;984
SANTA CRUZ DA ESPERANÇA;UNICA;40
SANTA CRUZ DA CONCEIÇÃO;UNICA;111
SANTA CLARA D'OESTE;UNICA;32
SANTA BRANCA;UNICA;349
SANTA BÁRBARA D'OESTE;UNICA;5373
SANTA ALBERTINA;UNICA;125
SANTA ADÉLIA;UNICA;422
SANDOVALINA;UNICA;79
SALTO GRANDE;UNICA;214
SALTO DE PIRAPORA;UNICA;1116
SALTO;UNICA;3112
SALTINHO;UNICA;262
SALMOURÃO;UNICA;130
SALESÓPOLIS;UNICA;459
SALES OLIVEIRA;UNICA;286
SALES;UNICA;146
SAGRES;UNICA;46
SABINO;UNICA;129
RUBINÉIA;UNICA;60
RUBIÁCEA;UNICA;49
ROSEIRA;UNICA;328
ROSANA;UNICA;372
RIVERSUL;UNICA;115
RIOLÂNDIA;UNICA;263
RIO GRANDE DA SERRA;UNICA;1161
RIO DAS PEDRAS;UNICA;973
RIO CLARO;UNICA;5054
RINÓPOLIS;UNICA;263
RINCÃO;UNICA;292
RIFAINA;UNICA;89
RIBEIRÃO PRETO;UNICA;18819
RIBEIRÃO PIRES;UNICA;3283
RIBEIRÃO GRANDE;UNICA;171
RIBEIRÃO DOS ÍNDIOS;UNICA;44
RIBEIRÃO DO SUL;UNICA;80
RIBEIRÃO CORRENTE;UNICA;132
RIBEIRÃO BRANCO;UNICA;376
RIBEIRÃO BONITO;UNICA;320
RIBEIRA;UNICA;58
RESTINGA;UNICA;168
REGISTRO;UNICA;1078
REGINÓPOLIS;UNICA;72
REGENTE FEIJÓ;UNICA;482
REDENÇÃO DA SERRA;UNICA;86
RANCHARIA;UNICA;706
RAFARD;UNICA;246
QUINTANA;UNICA;149
QUELUZ;UNICA;287
QUEIROZ;UNICA;85
QUATÁ;UNICA;340
QUADRA;UNICA;114
PROMISSÃO;UNICA;1055
PRESIDENTE VENCESLAU;UNICA;947
PRESIDENTE PRUDENTE;UNICA;5197
PRESIDENTE EPITÁCIO;UNICA;916
PRESIDENTE BERNARDES;UNICA;237
PRESIDENTE ALVES;UNICA;102
PRATÂNIA;UNICA;128
PRAIA GRANDE;UNICA;8024
PRADÓPOLIS;UNICA;683
PRACINHA;UNICA;10
POTIRENDABA;UNICA;480
POTIM;UNICA;513
PORTO FERREIRA;UNICA;1388
PORTO FELIZ;UNICA;1343
PORANGABA;UNICA;225
POPULINA;UNICA;84
PONTES GESTAL;UNICA;61
PONTALINDA;UNICA;107
PONTAL;UNICA;1604
PONGAÍ;UNICA;81
POMPÉIA;UNICA;532
POLONI;UNICA;151
POÁ;UNICA;2965
PLATINA;UNICA;77
PLANALTO;UNICA;130
PITANGUEIRAS;UNICA;1154
PIRATININGA;UNICA;340
PIRASSUNUNGA;UNICA;1710
PIRAPOZINHO;UNICA;565
PIRAPORA DO BOM JESUS;UNICA;443
PIRANGI;UNICA;270
PIRAJUÍ;UNICA;296
PIRAJU;UNICA;560
PIRACICABA;UNICA;10726
PIRACAIA;UNICA;696
PIQUETE;UNICA;336
PIQUEROBI;UNICA;54
PINHALZINHO;UNICA;401
PINDORAMA;UNICA;428
PINDAMONHANGABA;UNICA;4440
PILAR DO SUL;UNICA;679
PIEDADE;UNICA;1569
PIACATU;UNICA;133
PERUÍBE;UNICA;1343
PEREIRAS;UNICA;220
PEREIRA BARRETO;UNICA;576
PENÁPOLIS;UNICA;1322
PEDRO DE TOLEDO;UNICA;191
PEDRINHAS PAULISTA;UNICA;55
PEDREIRA;UNICA;1353
PEDREGULHO;UNICA;384
PEDRANÓPOLIS;UNICA;56
PEDRA BELA;UNICA;165
PEDERNEIRAS;UNICA;1202
PAULO DE FARIA;UNICA;186
PAULISTÂNIA;UNICA;38
PAULÍNIA;UNICA;2938
PAULICÉIA;UNICA;205
PATROCÍNIO PAULISTA;UNICA;326
PARISI;UNICA;45
PARIQUERA-AÇU;UNICA;380
PARDINHO;UNICA;154
PARAPUÃ;UNICA;235
PARANAPUÃ;UNICA;91
PARANAPANEMA;UNICA;521
PARAÍSO;UNICA;164
PARAIBUNA;UNICA;422
PARAGUAÇU PAULISTA;UNICA;1047
PANORAMA;UNICA;274
PALMITAL;UNICA;474
PALMEIRA D'OESTE;UNICA;193
PALMARES PAULISTA;UNICA;452
PALESTINA;UNICA;347
PACAEMBU;UNICA;291
OUROESTE;UNICA;260
OURO VERDE;UNICA;170
OURINHOS;UNICA;2115
OSVALDO CRUZ;UNICA;721
OSCAR BRESSANE;UNICA;45
OSASCO;UNICA;18639
ORLÂNDIA;UNICA;1137
ORINDIÚVA;UNICA;195
ORIENTE;UNICA;167
ONDA VERDE;UNICA;103
OLÍMPIA;UNICA;1383
ÓLEO;UNICA;57
OCAUÇU;UNICA;102
NUPORANGA;UNICA;171
NOVO HORIZONTE;UNICA;1043
NOVAIS;UNICA;141
NOVA ODESSA;UNICA;1776
NOVA LUZITÂNIA;UNICA;126
NOVA INDEPENDÊNCIA;UNICA;88
NOVA GUATAPORANGA;UNICA;35
NOVA GRANADA;UNICA;557
NOVA EUROPA;UNICA;299
NOVA CASTILHO;UNICA;20
NOVA CANAÃ PAULISTA;UNICA;25
NOVA CAMPINA;UNICA;226
NOVA ALIANÇA;UNICA;165
NIPOÃ;UNICA;155
NHANDEARA;UNICA;240
NEVES PAULISTA;UNICA;228
NAZARÉ PAULISTA;UNICA;457
NATIVIDADE DA SERRA;UNICA;148
NARANDIBA;UNICA;124
NANTES;UNICA;59
MURUTINGA DO SUL;UNICA;91
MOTUCA;UNICA;123
MORUNGABA;UNICA;353
MORRO AGUDO;UNICA;906
MONTEIRO LOBATO;UNICA;89
MONTE MOR;UNICA;1842
MONTE CASTELO;UNICA;88
MONTE AZUL PAULISTA;UNICA;338
MONTE APRAZÍVEL;UNICA;676
MONTE ALTO;UNICA;1160
MONTE ALEGRE DO SUL;UNICA;190
MONGAGUÁ;UNICA;1182
MONÇÕES;UNICA;50
MOMBUCA;UNICA;71
MOGI MIRIM;UNICA;2424
MOGI GUAÇU;UNICA;3987
MOGI DAS CRUZES;UNICA;10068
MOCOCA;UNICA;1662
MIRASSOLÂNDIA;UNICA;120
MIRASSOL;UNICA;1693
MIRANTE DO PARANAPANEMA;UNICA;361
MIRANDÓPOLIS;UNICA;525
MIRACATU;UNICA;404
MIRA ESTRELA;UNICA;51
MINEIROS DO TIETÊ;UNICA;310
MIGUELÓPOLIS;UNICA;631
MESÓPOLIS;UNICA;36
MERIDIANO;UNICA;90
MENDONÇA;UNICA;120
MAUÁ;UNICA;12779
MATÃO;UNICA;2231
MARTINÓPOLIS;UNICA;549
MARINÓPOLIS;UNICA;40
MARÍLIA;UNICA;4453
MARIÁPOLIS;UNICA;109
MARAPOAMA;UNICA;71
MARACAÍ;UNICA;283
MARABÁ PAULISTA;UNICA;59
MANDURI;UNICA;246
MAIRIPORÃ;UNICA;2421
MAIRINQUE;UNICA;1206
MAGDA;UNICA;65
MACEDÔNIA;UNICA;80
MACAUBAL;UNICA;206
MACATUBA;UNICA;438
LUTÉCIA;UNICA;55
LUPÉRCIO;UNICA;107
LUIZIÂNIA;UNICA;121
LUÍS ANTÔNIO;UNICA;437
LUCIANÓPOLIS;UNICA;44
LUCÉLIA;UNICA;583
LOUVEIRA;UNICA;1632
LOURDES;UNICA;47
LORENA;UNICA;2009
LINS;UNICA;1744
LINDÓIA;UNICA;224
LIMEIRA;UNICA;8515
LENÇÓIS PAULISTA;UNICA;1864
LEME;UNICA;2690
LAVRINHAS;UNICA;186
LAVÍNIA;UNICA;117
LARANJAL PAULISTA;UNICA;636
LAGOINHA;UNICA;88
JUQUITIBA;UNICA;710
JUQUIÁ;UNICA;395
JUNQUEIRÓPOLIS;UNICA;409
JUNDIAÍ;UNICA;11226
JUMIRIM;UNICA;99
JÚLIO MESQUITA;UNICA;118
JOSÉ BONIFÁCIO;UNICA;1010
JOÃO RAMALHO;UNICA;120
JOANÓPOLIS;UNICA;391
JERIQUARA;UNICA;71
JAÚ;UNICA;3655
JARINU;UNICA;875
JARDINÓPOLIS;UNICA;1174
JANDIRA;UNICA;3339
JAMBEIRO;UNICA;185
JALES;UNICA;945
JAGUARIÚNA;UNICA;1659
JACUPIRANGA;UNICA;379
JACI;UNICA;187
JACAREÍ;UNICA;5554
JABOTICABAL;UNICA;1764
JABORANDI;UNICA;162
ITUVERAVA;UNICA;1075
ITUPEVA;UNICA;1905
ITU;UNICA;5151
ITOBI;UNICA;204
ITIRAPUÃ;UNICA;162
ITIRAPINA;UNICA;406
ITATINGA;UNICA;528
ITATIBA;UNICA;3345
ITARIRI;UNICA;401
ITARARÉ;UNICA;1115
ITAQUAQUECETUBA;UNICA;9635
ITAPURA;UNICA;75
ITAPUÍ;UNICA;360
ITAPORANGA;UNICA;314
ITÁPOLIS;UNICA;1042
ITAPIRAPUÃ PAULISTA;UNICA;85
ITAPIRA;UNICA;1840
ITAPEVI;UNICA;6638
ITAPEVA;UNICA;2041
ITAPETININGA;UNICA;2948
ITAPECERICA DA SERRA;UNICA;4141
ITAOCA;UNICA;49
ITANHAÉM;UNICA;2131
ITAJU;UNICA;97
ITAJOBI;UNICA;362
ITAÍ;UNICA;689
ITABERÁ;UNICA;363
IRAPURU;UNICA;79
IRAPUÃ;UNICA;209
IRACEMÁPOLIS;UNICA;696
IPUÃ;UNICA;443
IPORANGA;UNICA;31
IPIGUÁ;UNICA;120
IPEÚNA;UNICA;179
IPERÓ;UNICA;980
IPAUSSU;UNICA;367
INÚBIA PAULISTA;UNICA;90
INDIAPORÃ;UNICA;83
INDIANA;UNICA;112
INDAIATUBA;UNICA;6873
ILHABELA;UNICA;860
ILHA SOLTEIRA;UNICA;502
ILHA COMPRIDA;UNICA;195
IGUAPE;UNICA;599
IGARATÁ;UNICA;215
IGARAPAVA;UNICA;768
IGARAÇU DO TIETÊ;UNICA;694
IEPÊ;UNICA;184
ICÉM;UNICA;240
IBIÚNA;UNICA;2087
IBITINGA;UNICA;1653
IBIRAREMA;UNICA;159
IBIRÁ;UNICA;341
IBATÉ;UNICA;1020
IARAS;UNICA;191
IACRI;UNICA;144
IACANGA;UNICA;361
HORTOLÂNDIA;UNICA;6739
HOLAMBRA;UNICA;415
HERCULÂNDIA;UNICA;226
GUZOLÂNDIA;UNICA;115
GUATAPARÁ;UNICA;210
GUARULHOS;UNICA;37131
GUARUJÁ;UNICA;8197
GUARIBA;UNICA;1159
GUAREÍ;UNICA;432
GUARATINGUETÁ;UNICA;3084
GUARAREMA;UNICA;849
GUARARAPES;UNICA;825
GUARANTÃ;UNICA;182
GUARANI D'OESTE;UNICA;30
GUARACI;UNICA;317
GUARAÇAÍ;UNICA;194
GUARÁ;UNICA;508
GUAPIARA;UNICA;392
GUAPIAÇU;UNICA;554
GUAÍRA;UNICA;1035
GUAIMBÊ;UNICA;130
GUAIÇARA;UNICA;319
GLICÉRIO;UNICA;125
GETULINA;UNICA;255
GENERAL SALGADO;UNICA;236
GAVIÃO PEIXOTO;UNICA;127
GASTÃO VIDIGAL;UNICA;151
GARÇA;UNICA;991
GÁLIA;UNICA;134
GABRIEL MONTEIRO;UNICA;62
FRANCO DA ROCHA;UNICA;6261
FRANCISCO MORATO;UNICA;4486
FRANCA;UNICA;8453
FLORÍNEA;UNICA;26
FLÓRIDA PAULISTA;UNICA;279
FLOREAL;UNICA;50
FLORA RICA;UNICA;19
FERRAZ DE VASCONCELOS;UNICA;5247
FERNÃO;UNICA;30
FERNANDÓPOLIS;UNICA;1480
FERNANDO PRESTES;UNICA;125
FARTURA;UNICA;371
EUCLIDES DA CUNHA PAULISTA;UNICA;206
ESTRELA DO NORTE;UNICA;48
ESTRELA D'OESTE;UNICA;207
ESTIVA GERBI;UNICA;318
ESPÍRITO SANTO DO TURVO;UNICA;105
ESPÍRITO SANTO DO PINHAL;UNICA;1006
ENGENHEIRO COELHO;UNICA;632
EMILIANÓPOLIS;UNICA;70
EMBU-GUAÇU;UNICA;1400
EMBU DAS ARTES;UNICA;7179
EMBAÚBA;UNICA;60
ELISIÁRIO;UNICA;100
ELIAS FAUSTO;UNICA;540
ELDORADO;UNICA;169
ECHAPORÃ;UNICA;126
DUMONT;UNICA;288
DUARTINA;UNICA;291
DRACENA;UNICA;851
DOURADO;UNICA;215
DOLCINÓPOLIS;UNICA;54
DOIS CÓRREGOS;UNICA;683
DOBRADA;UNICA;296
DIVINOLÂNDIA;UNICA;227
DIRCE REIS;UNICA;18
DIADEMA;UNICA;10653
DESCALVADO;UNICA;872
CUNHA;UNICA;488
CUBATÃO;UNICA;3244
CRUZEIRO;UNICA;2064
CRUZÁLIA;UNICA;32
CRISTAIS PAULISTA;UNICA;215
CRAVINHOS;UNICA;903
COTIA;UNICA;6017
COSMORAMA;UNICA;175
COSMÓPOLIS;UNICA;2049
CORUMBATAÍ;UNICA;88
CORONEL MACEDO;UNICA;102
COROADOS;UNICA;146
CORDEIRÓPOLIS;UNICA;670
CONCHAS;UNICA;378
CONCHAL;UNICA;725
COLÔMBIA;UNICA;160
COLINA;UNICA;466
CLEMENTINA;UNICA;265
CHAVANTES;UNICA;331
CHARQUEADA;UNICA;479
CESÁRIO LANGE;UNICA;500
CERQUILHO;UNICA;1338
CERQUEIRA CÉSAR;UNICA;401
CEDRAL;UNICA;213
CATIGUÁ;UNICA;188
CATANDUVA;UNICA;2861
CASTILHO;UNICA;547
CÁSSIA DOS COQUEIROS;UNICA;52
CASA BRANCA;UNICA;760
CARDOSO;UNICA;267
CARAPICUÍBA;UNICA;10633
CARAGUATATUBA;UNICA;2859
CAPIVARI;UNICA;1467
CAPELA DO ALTO;UNICA;560
CAPÃO BONITO;UNICA;1041
CANITAR;UNICA;141
CÂNDIDO RODRIGUES;UNICA;56
CÂNDIDO MOTA;UNICA;644
CANAS;UNICA;120
CANANÉIA;UNICA;251
CAMPOS NOVOS PAULISTA;UNICA;111
CAMPOS DO JORDÃO;UNICA;1307
CAMPO LIMPO PAULISTA;UNICA;2258
CAMPINAS;UNICA;30032
CAMPINA DO MONTE ALEGRE;UNICA;127
CAJURU;UNICA;579
CAJOBI;UNICA;272
CAJATI;UNICA;704
CAJAMAR;UNICA;2333
CAIUÁ;UNICA;62
CAIEIRAS;UNICA;2827
CAIABU;UNICA;58
CAFELÂNDIA;UNICA;414
CACONDE;UNICA;419
CACHOEIRA PAULISTA;UNICA;844
CAÇAPAVA;UNICA;2414
CABREÚVA;UNICA;1433
CABRÁLIA PAULISTA;UNICA;102
BURITIZAL;UNICA;97
BURITAMA;UNICA;440
BURI;UNICA;472
BROTAS;UNICA;612
BRODOWSKI;UNICA;653
BREJO ALEGRE;UNICA;72
BRAÚNA;UNICA;139
BRAGANÇA PAULISTA;UNICA;4654
BOREBI;UNICA;50
BORBOREMA;UNICA;401
BORACÉIA;UNICA;103
BORÁ;UNICA;10
BOM SUCESSO DE ITARARÉ;UNICA;77
BOM JESUS DOS PERDÕES;UNICA;712
BOITUVA;UNICA;1755
BOFETE;UNICA;292
BOCAINA;UNICA;313
BOA ESPERANÇA DO SUL;UNICA;417
BIRITIBA MIRIM;UNICA;857
BIRIGUI;UNICA;3533
BILAC;UNICA;199
BERTIOGA;UNICA;1815
BERNARDINO DE CAMPOS;UNICA;204
BENTO DE ABREU;UNICA;72
BEBEDOURO;UNICA;1639
BAURU;UNICA;8517
BATATAIS;UNICA;1292
BASTOS;UNICA;476
BARUERI;UNICA;6223
BARRINHA;UNICA;889
BARRETOS;UNICA;2710
BARRA DO TURVO;UNICA;95
BARRA DO CHAPÉU;UNICA;115
BARRA BONITA;UNICA;980
BARIRI;UNICA;829
BARBOSA;UNICA;115
BARÃO DE ANTONINA;UNICA;45
BANANAL;UNICA;262
BÁLSAMO;UNICA;200
BALBINOS;UNICA;52
BADY BASSITT;UNICA;400
AVARÉ;UNICA;2119
AVANHANDAVA;UNICA;225
AVAÍ;UNICA;40
AURIFLAMA;UNICA;351
ATIBAIA;UNICA;3533
ASSIS;UNICA;2146
ASPÁSIA;UNICA;15
ARUJÁ;UNICA;2309
ARTUR NOGUEIRA;UNICA;1508
ARIRANHA;UNICA;258
AREIÓPOLIS;UNICA;311
AREIAS;UNICA;71
AREALVA;UNICA;194
ARCO-ÍRIS;UNICA;30
ARARAS;UNICA;3812
ARARAQUARA;UNICA;6063
ARAPEÍ;UNICA;59
ARANDU;UNICA;150
ARAMINA;UNICA;134
ARAÇOIABA DA SERRA;UNICA;816
ARAÇATUBA;UNICA;4810
ARAÇARIGUAMA;UNICA;588
APIAÍ;UNICA;515
APARECIDA D'OESTE;UNICA;78
APARECIDA;UNICA;928
ANHUMAS;UNICA;83
ANHEMBI;UNICA;148
ANGATUBA;UNICA;478
ANDRADINA;UNICA;1315
ANALÂNDIA;UNICA;120
AMPARO;UNICA;1760
AMÉRICO DE CAMPOS;UNICA;125
AMÉRICO BRASILIENSE;UNICA;1088
AMERICANA;UNICA;6210
ALVINLÂNDIA;UNICA;68
ÁLVARO DE CARVALHO;UNICA;107
ÁLVARES MACHADO;UNICA;600
ÁLVARES FLORENCE;UNICA;80
ALUMÍNIO;UNICA;508
ALTO ALEGRE;UNICA;100
ALTINÓPOLIS;UNICA;384
ALTAIR;UNICA;115
ALFREDO MARCONDES;UNICA;83
ALAMBARI;UNICA;171
AGUDOS;UNICA;873
ÁGUAS DE SÃO PEDRO;UNICA;58
ÁGUAS DE SANTA BÁRBARA;UNICA;136
ÁGUAS DE LINDÓIA;UNICA;463
ÁGUAS DA PRATA;UNICA;194
AGUAÍ;UNICA;1040
ADOLFO;UNICA;79
ADAMANTINA;UNICA;878
VOTUPORANGA;3º DOSE;550
VOTORANTIM;3º DOSE;181
VITÓRIA BRASIL;3º DOSE;8
VISTA ALEGRE DO ALTO;3º DOSE;49
VIRADOURO;3º DOSE;83
VINHEDO;3º DOSE;351
VERA CRUZ;3º DOSE;77
VARGEM GRANDE DO SUL;3º DOSE;631
VARGEM;3º DOSE;7
VALPARAÍSO;3º DOSE;11
VALINHOS;3º DOSE;581
VALENTIM GENTIL;3º DOSE;76
URUPÊS;3º DOSE;121
URU;3º DOSE;12
URÂNIA;3º DOSE;81
UNIÃO PAULISTA;3º DOSE;4
UCHOA;3º DOSE;134
UBIRAJARA;3º DOSE;13
UBATUBA;3º DOSE;220
UBARANA;3º DOSE;20
TURMALINA;3º DOSE;27
TURIÚBA;3º DOSE;28
TUPI PAULISTA;3º DOSE;79
TUPÃ;3º DOSE;651
TUIUTI;3º DOSE;23
TRÊS FRONTEIRAS;3º DOSE;71
TREMEMBÉ;3º DOSE;16
TRABIJU;3º DOSE;10
TORRINHA;3º DOSE;34
TIMBURI;3º DOSE;77
TIETÊ;3º DOSE;242
TEODORO SAMPAIO;3º DOSE;51
TAUBATÉ;3º DOSE;803
TATUÍ;3º DOSE;327
TARUMÃ;3º DOSE;62
TARABAI;3º DOSE;33
TAQUARITUBA;3º DOSE;98
TAQUARITINGA;3º DOSE;231
TAQUARAL;3º DOSE;10
TAPIRATIBA;3º DOSE;86
TANABI;3º DOSE;141
TAMBAÚ;3º DOSE;148
TAIÚVA;3º DOSE;24
TAIAÇU;3º DOSE;75
TAGUAÍ;3º DOSE;48
TACIBA;3º DOSE;12
TABATINGA;3º DOSE;76
TABAPUÃ;3º DOSE;76
SUZANO;3º DOSE;570
SUZANÁPOLIS;3º DOSE;11
SUMARÉ;3º DOSE;327
SUD MENNUCCI;3º DOSE;58
SOROCABA;3º DOSE;245
SOCORRO;3º DOSE;185
SILVEIRAS;3º DOSE;55
SEVERÍNIA;3º DOSE;4
SERTÃOZINHO;3º DOSE;461
SERRANA;3º DOSE;1134
SERRA NEGRA;3º DOSE;262
SERRA AZUL;3º DOSE;76
SARUTAIÁ;3º DOSE;31
SARAPUÍ;3º DOSE;15
SÃO VICENTE;3º DOSE;1000
SÃO SIMÃO;3º DOSE;99
SÃO SEBASTIÃO DA GRAMA;3º DOSE;56
SÃO SEBASTIÃO;3º DOSE;75
SÃO ROQUE;3º DOSE;459
SÃO PEDRO DO TURVO;3º DOSE;24
SÃO PAULO;3º DOSE;60933
SÃO MIGUEL ARCANJO;3º DOSE;105
SÃO MANUEL;3º DOSE;71
SÃO LUIZ DO PARAITINGA;3º DOSE;104
SÃO JOSÉ DOS CAMPOS;3º DOSE;1923
SÃO JOSÉ DO RIO PRETO;3º DOSE;2544
SÃO JOSÉ DO RIO PARDO;3º DOSE;117
SÃO JOSÉ DO BARREIRO;3º DOSE;6
SÃO JOSÉ DA BELA VISTA;3º DOSE;33
SÃO JOAQUIM DA BARRA;3º DOSE;185
SÃO JOÃO DO PAU D'ALHO;3º DOSE;40
SÃO JOÃO DAS DUAS PONTES;3º DOSE;13
SÃO JOÃO DA BOA VISTA;3º DOSE;649
SÃO FRANCISCO;3º DOSE;53
SÃO CARLOS;3º DOSE;226
SÃO CAETANO DO SUL;3º DOSE;2409
SÃO BERNARDO DO CAMPO;3º DOSE;3168
SÃO BENTO DO SAPUCAÍ;3º DOSE;25
SANTOS;3º DOSE;2785
SANTÓPOLIS DO AGUAPEÍ;3º DOSE;41
SANTO EXPEDITO;3º DOSE;19
SANTO ANTÔNIO DO PINHAL;3º DOSE;31
SANTO ANTÔNIO DO JARDIM;3º DOSE;7
SANTO ANTÔNIO DO ARACANGUÁ;3º DOSE;19
SANTO ANTÔNIO DE POSSE;3º DOSE;107
SANTO ANTÔNIO DA ALEGRIA;3º DOSE;65
SANTO ANDRÉ;3º DOSE;66
SANTO ANASTÁCIO;3º DOSE;96
SANTANA DE PARNAÍBA;3º DOSE;554
SANTANA DA PONTE PENSA;3º DOSE;21
SANTA SALETE;3º DOSE;24
SANTA ROSA DE VITERBO;3º DOSE;112
SANTA RITA DO PASSA QUATRO;3º DOSE;227
SANTA RITA D'OESTE;3º DOSE;36
SANTA MERCEDES;3º DOSE;28
SANTA MARIA DA SERRA;3º DOSE;24
SANTA LÚCIA;3º DOSE;9
SANTA ISABEL;3º DOSE;127
SANTA FÉ DO SUL;3º DOSE;145
SANTA ERNESTINA;3º DOSE;39
SANTA CRUZ DO RIO PARDO;3º DOSE;375
SANTA CRUZ DAS PALMEIRAS;3º DOSE;33
SANTA CRUZ DA ESPERANÇA;3º DOSE;13
SANTA CRUZ DA CONCEIÇÃO;3º DOSE;39
SANTA BRANCA;3º DOSE;44
SANTA BÁRBARA D'OESTE;3º DOSE;432
SANTA ALBERTINA;3º DOSE;29
SANTA ADÉLIA;3º DOSE;93
SANDOVALINA;3º DOSE;16
SALTO DE PIRAPORA;3º DOSE;142
SALTO;3º DOSE;415
SALMOURÃO;3º DOSE;4
SALESÓPOLIS;3º DOSE;125
SALES OLIVEIRA;3º DOSE;75
SALES;3º DOSE;36
SABINO;3º DOSE;29
RUBINÉIA;3º DOSE;2
RUBIÁCEA;3º DOSE;34
ROSEIRA;3º DOSE;65
ROSANA;3º DOSE;46
RIVERSUL;3º DOSE;45
RIO GRANDE DA SERRA;3º DOSE;2
RIO DAS PEDRAS;3º DOSE;4
RIO CLARO;3º DOSE;764
RINÓPOLIS;3º DOSE;19
RINCÃO;3º DOSE;60
RIBEIRÃO PRETO;3º DOSE;3229
RIBEIRÃO PIRES;3º DOSE;535
RIBEIRÃO DOS ÍNDIOS;3º DOSE;42
RIBEIRÃO DO SUL;3º DOSE;62
RIBEIRÃO BONITO;3º DOSE;81
RESTINGA;3º DOSE;30
REGISTRO;3º DOSE;31
REGINÓPOLIS;3º DOSE;80
REGENTE FEIJÓ;3º DOSE;90
RANCHARIA;3º DOSE;185
RAFARD;3º DOSE;27
QUINTANA;3º DOSE;13
QUELUZ;3º DOSE;34
QUEIROZ;3º DOSE;22
QUATÁ;3º DOSE;81
QUADRA;3º DOSE;1
PROMISSÃO;3º DOSE;153
PRESIDENTE VENCESLAU;3º DOSE;183
PRESIDENTE PRUDENTE;3º DOSE;442
PRESIDENTE EPITÁCIO;3º DOSE;248
PRESIDENTE BERNARDES;3º DOSE;122
PRESIDENTE ALVES;3º DOSE;34
PRATÂNIA;3º DOSE;20
PRAIA GRANDE;3º DOSE;853
PRADÓPOLIS;3º DOSE;62
POTIM;3º DOSE;102
PORTO FERREIRA;3º DOSE;203
PORTO FELIZ;3º DOSE;166
PORANGABA;3º DOSE;20
POPULINA;3º DOSE;44
PONTAL;3º DOSE;110
PONGAÍ;3º DOSE;10
POMPÉIA;3º DOSE;128
POLONI;3º DOSE;82
POÁ;3º DOSE;189
PLATINA;3º DOSE;18
PLANALTO;3º DOSE;9
PITANGUEIRAS;3º DOSE;205
PIRATININGA;3º DOSE;138
PIRAPOZINHO;3º DOSE;16
PIRAPORA DO BOM JESUS;3º DOSE;46
PIRANGI;3º DOSE;77
PIRAJUÍ;3º DOSE;58
PIRAJU;3º DOSE;160
PIRACAIA;3º DOSE;134
PIQUETE;3º DOSE;30
PIQUEROBI;3º DOSE;18
PINHALZINHO;3º DOSE;62
PINDORAMA;3º DOSE;124
PINDAMONHANGABA;3º DOSE;607
PILAR DO SUL;3º DOSE;66
PIEDADE;3º DOSE;23
PIACATU;3º DOSE;35
PERUÍBE;3º DOSE;246
PEREIRAS;3º DOSE;35
PEREIRA BARRETO;3º DOSE;76
PENÁPOLIS;3º DOSE;306
PEDRO DE TOLEDO;3º DOSE;25
PEDRINHAS PAULISTA;3º DOSE;65
PEDREIRA;3º DOSE;217
PEDREGULHO;3º DOSE;51
PEDRANÓPOLIS;3º DOSE;5
PEDRA BELA;3º DOSE;21
PEDERNEIRAS;3º DOSE;179
PAULO DE FARIA;3º DOSE;42
PAULISTÂNIA;3º DOSE;22
PAULÍNIA;3º DOSE;321
PAULICÉIA;3º DOSE;20
PATROCÍNIO PAULISTA;3º DOSE;91
PARISI;3º DOSE;30
PARIQUERA-AÇU;3º DOSE;114
PARAPUÃ;3º DOSE;109
PARANAPUÃ;3º DOSE;29
PARANAPANEMA;3º DOSE;36
PARAÍSO;3º DOSE;59
PARAGUAÇU PAULISTA;3º DOSE;198
PANORAMA;3º DOSE;24
PALMITAL;3º DOSE;222
PALMEIRA D'OESTE;3º DOSE;113
PALMARES PAULISTA;3º DOSE;19
PALESTINA;3º DOSE;24
OUROESTE;3º DOSE;89
OURO VERDE;3º DOSE;12
OURINHOS;3º DOSE;462
OSVALDO CRUZ;3º DOSE;334
OSASCO;3º DOSE;821
ORLÂNDIA;3º DOSE;166
ORINDIÚVA;3º DOSE;38
ONDA VERDE;3º DOSE;4
OLÍMPIA;3º DOSE;356
ÓLEO;3º DOSE;14
OCAUÇU;3º DOSE;59
NOVO HORIZONTE;3º DOSE;242
NOVAIS;3º DOSE;46
NOVA ODESSA;3º DOSE;43
NOVA LUZITÂNIA;3º DOSE;28
NOVA INDEPENDÊNCIA;3º DOSE;23
NOVA GUATAPORANGA;3º DOSE;10
NOVA GRANADA;3º DOSE;108
NOVA EUROPA;3º DOSE;29
NOVA CASTILHO;3º DOSE;12
NOVA CANAÃ PAULISTA;3º DOSE;11
NOVA ALIANÇA;3º DOSE;71
NIPOÃ;3º DOSE;7
NHANDEARA;3º DOSE;49
NEVES PAULISTA;3º DOSE;148
NAZARÉ PAULISTA;3º DOSE;57
NATIVIDADE DA SERRA;3º DOSE;5
NARANDIBA;3º DOSE;30
NANTES;3º DOSE;17
MURUTINGA DO SUL;3º DOSE;25
MOTUCA;3º DOSE;29
MORUNGABA;3º DOSE;26
MORRO AGUDO;3º DOSE;171
MONTEIRO LOBATO;3º DOSE;39
MONTE CASTELO;3º DOSE;40
MONTE APRAZÍVEL;3º DOSE;99
MONTE ALTO;3º DOSE;260
MONTE ALEGRE DO SUL;3º DOSE;117
MONGAGUÁ;3º DOSE;98
MONÇÕES;3º DOSE;29
MOMBUCA;3º DOSE;15
MOGI MIRIM;3º DOSE;424
MOGI GUAÇU;3º DOSE;319
MOGI DAS CRUZES;3º DOSE;1103
MOCOCA;3º DOSE;296
MIRASSOLÂNDIA;3º DOSE;27
MIRASSOL;3º DOSE;263
MIRANTE DO PARANAPANEMA;3º DOSE;195
MIRANDÓPOLIS;3º DOSE;122
MIRACATU;3º DOSE;32
MIRA ESTRELA;3º DOSE;25
MINEIROS DO TIETÊ;3º DOSE;110
MIGUELÓPOLIS;3º DOSE;52
MESÓPOLIS;3º DOSE;23
MERIDIANO;3º DOSE;27
MENDONÇA;3º DOSE;50
MAUÁ;3º DOSE;1003
MATÃO;3º DOSE;429
MARTINÓPOLIS;3º DOSE;174
MARINÓPOLIS;3º DOSE;19
MARÍLIA;3º DOSE;885
MARIÁPOLIS;3º DOSE;17
MARAPOAMA;3º DOSE;22
MARACAÍ;3º DOSE;109
MARABÁ PAULISTA;3º DOSE;9
MANDURI;3º DOSE;76
MAIRIPORÃ;3º DOSE;307
MAIRINQUE;3º DOSE;122
MAGDA;3º DOSE;40
MACEDÔNIA;3º DOSE;37
MACAUBAL;3º DOSE;63
MACATUBA;3º DOSE;141
LUTÉCIA;3º DOSE;9
LUPÉRCIO;3º DOSE;22
LUIZIÂNIA;3º DOSE;20
LUÍS ANTÔNIO;3º DOSE;26
LUCIANÓPOLIS;3º DOSE;18
LUCÉLIA;3º DOSE;57
LOUVEIRA;3º DOSE;61
LOURDES;3º DOSE;25
LORENA;3º DOSE;255
LINS;3º DOSE;429
LINDÓIA;3º DOSE;9
LIMEIRA;3º DOSE;38
LENÇÓIS PAULISTA;3º DOSE;119
LAVRINHAS;3º DOSE;33
LAVÍNIA;3º DOSE;7
LARANJAL PAULISTA;3º DOSE;115
LAGOINHA;3º DOSE;43
JUQUIÁ;3º DOSE;65
JUNQUEIRÓPOLIS;3º DOSE;178
JUNDIAÍ;3º DOSE;2658
JUMIRIM;3º DOSE;22
JOSÉ BONIFÁCIO;3º DOSE;165
JOÃO RAMALHO;3º DOSE;30
JOANÓPOLIS;3º DOSE;49
JERIQUARA;3º DOSE;21
JAÚ;3º DOSE;629
JARINU;3º DOSE;1
JARDINÓPOLIS;3º DOSE;156
JAMBEIRO;3º DOSE;23
JALES;3º DOSE;227
JAGUARIÚNA;3º DOSE;228
JACUPIRANGA;3º DOSE;108
JACI;3º DOSE;62
JACAREÍ;3º DOSE;659
JABOTICABAL;3º DOSE;474
JABORANDI;3º DOSE;7
ITUVERAVA;3º DOSE;231
ITUPEVA;3º DOSE;63
ITU;3º DOSE;747
ITOBI;3º DOSE;21
ITATINGA;3º DOSE;45
ITARIRI;3º DOSE;50
ITAQUAQUECETUBA;3º DOSE;170
ITAPURA;3º DOSE;28
ITAPORANGA;3º DOSE;92
ITÁPOLIS;3º DOSE;137
ITAPIRA;3º DOSE;420
ITAPEVI;3º DOSE;54
ITAPETININGA;3º DOSE;3
ITANHAÉM;3º DOSE;421
ITAJOBI;3º DOSE;140
ITAÍ;3º DOSE;109
ITABERÁ;3º DOSE;114
IRAPURU;3º DOSE;67
IRAPUÃ;3º DOSE;26
IPUÃ;3º DOSE;34
IPORANGA;3º DOSE;11
IPIGUÁ;3º DOSE;11
IPERÓ;3º DOSE;75
IPAUSSU;3º DOSE;102
INÚBIA PAULISTA;3º DOSE;44
INDIAPORÃ;3º DOSE;52
INDIANA;3º DOSE;27
INDAIATUBA;3º DOSE;1443
ILHABELA;3º DOSE;147
ILHA SOLTEIRA;3º DOSE;81
ILHA COMPRIDA;3º DOSE;25
IGUAPE;3º DOSE;96
IGARATÁ;3º DOSE;36
IGARAPAVA;3º DOSE;171
IGARAÇU DO TIETÊ;3º DOSE;53
IEPÊ;3º DOSE;87
ICÉM;3º DOSE;42
IBITINGA;3º DOSE;164
IBIRAREMA;3º DOSE;40
IBIRÁ;3º DOSE;33
IBATÉ;3º DOSE;84
IARAS;3º DOSE;25
HORTOLÂNDIA;3º DOSE;573
HOLAMBRA;3º DOSE;37
GUZOLÂNDIA;3º DOSE;18
GUATAPARÁ;3º DOSE;47
GUARULHOS;3º DOSE;2997
GUARUJÁ;3º DOSE;445
GUARIBA;3º DOSE;122
GUAREÍ;3º DOSE;24
GUARATINGUETÁ;3º DOSE;920
GUARAREMA;3º DOSE;104
GUARARAPES;3º DOSE;164
GUARANTÃ;3º DOSE;16
GUARANI D'OESTE;3º DOSE;20
GUARACI;3º DOSE;62
GUARAÇAÍ;3º DOSE;60
GUARÁ;3º DOSE;82
GUAPIAÇU;3º DOSE;45
GUAÍRA;3º DOSE;101
GUAIMBÊ;3º DOSE;43
GUAIÇARA;3º DOSE;12
GLICÉRIO;3º DOSE;5
GETULINA;3º DOSE;57
GENERAL SALGADO;3º DOSE;51
GAVIÃO PEIXOTO;3º DOSE;11
GASTÃO VIDIGAL;3º DOSE;19
GARÇA;3º DOSE;187
GÁLIA;3º DOSE;77
FRANCO DA ROCHA;3º DOSE;422
FRANCISCO MORATO;3º DOSE;318
FRANCA;3º DOSE;1014
FLORÍNEA;3º DOSE;16
FLÓRIDA PAULISTA;3º DOSE;1
FLOREAL;3º DOSE;71
FLORA RICA;3º DOSE;73
FERRAZ DE VASCONCELOS;3º DOSE;940
FERNÃO;3º DOSE;9
FERNANDÓPOLIS;3º DOSE;480
ESTRELA DO NORTE;3º DOSE;26
ESTRELA D'OESTE;3º DOSE;91
ESPÍRITO SANTO DO TURVO;3º DOSE;15
ESPÍRITO SANTO DO PINHAL;3º DOSE;316
ENGENHEIRO COELHO;3º DOSE;24
EMILIANÓPOLIS;3º DOSE;34
EMBU DAS ARTES;3º DOSE;19
EMBAÚBA;3º DOSE;13
ELISIÁRIO;3º DOSE;39
ELDORADO;3º DOSE;1
ECHAPORÃ;3º DOSE;10
DUMONT;3º DOSE;40
DUARTINA;3º DOSE;135
DRACENA;3º DOSE;319
DOURADO;3º DOSE;56
DOLCINÓPOLIS;3º DOSE;10
DOIS CÓRREGOS;3º DOSE;199
DIVINOLÂNDIA;3º DOSE;59
DIRCE REIS;3º DOSE;5
DIADEMA;3º DOSE;450
DESCALVADO;3º DOSE;328
CUNHA;3º DOSE;150
CUBATÃO;3º DOSE;217
CRUZÁLIA;3º DOSE;28
CRAVINHOS;3º DOSE;94
COTIA;3º DOSE;155
COSMORAMA;3º DOSE;55
COSMÓPOLIS;3º DOSE;100
CORONEL MACEDO;3º DOSE;47
COROADOS;3º DOSE;55
CONCHAS;3º DOSE;78
COLÔMBIA;3º DOSE;49
COLINA;3º DOSE;71
CLEMENTINA;3º DOSE;70
CHAVANTES;3º DOSE;40
CHARQUEADA;3º DOSE;15
CESÁRIO LANGE;3º DOSE;36
CERQUILHO;3º DOSE;243
CERQUEIRA CÉSAR;3º DOSE;152
CEDRAL;3º DOSE;49
CATIGUÁ;3º DOSE;68
CATANDUVA;3º DOSE;531
CÁSSIA DOS COQUEIROS;3º DOSE;40
CASA BRANCA;3º DOSE;27
CARDOSO;3º DOSE;32
CARAPICUÍBA;3º DOSE;1522
CARAGUATATUBA;3º DOSE;292
CAPIVARI;3º DOSE;158
CAPÃO BONITO;3º DOSE;135
CANITAR;3º DOSE;2
CÂNDIDO RODRIGUES;3º DOSE;67
CÂNDIDO MOTA;3º DOSE;211
CANANÉIA;3º DOSE;29
CAMPOS DO JORDÃO;3º DOSE;110
CAMPO LIMPO PAULISTA;3º DOSE;200
CAMPINAS;3º DOSE;1415
CAMPINA DO MONTE ALEGRE;3º DOSE;30
CAJURU;3º DOSE;184
CAJOBI;3º DOSE;58
CAJATI;3º DOSE;125
CAJAMAR;3º DOSE;189
CAIEIRAS;3º DOSE;283
CAIABU;3º DOSE;1
CAFELÂNDIA;3º DOSE;62
CACONDE;3º DOSE;38
CACHOEIRA PAULISTA;3º DOSE;265
CAÇAPAVA;3º DOSE;25
CABREÚVA;3º DOSE;89
CABRÁLIA PAULISTA;3º DOSE;13
BURITIZAL;3º DOSE;27
BURITAMA;3º DOSE;63
BURI;3º DOSE;48
BROTAS;3º DOSE;104
BRODOWSKI;3º DOSE;176
BREJO ALEGRE;3º DOSE;6
BRAÚNA;3º DOSE;71
BRAGANÇA PAULISTA;3º DOSE;793
BOTUCATU;3º DOSE;8961
BORBOREMA;3º DOSE;85
BORACÉIA;3º DOSE;36
BOM SUCESSO DE ITARARÉ;3º DOSE;16
BOM JESUS DOS PERDÕES;3º DOSE;49
BOITUVA;3º DOSE;62
BOCAINA;3º DOSE;95
BOA ESPERANÇA DO SUL;3º DOSE;95
BIRITIBA MIRIM;3º DOSE;54
BIRIGUI;3º DOSE;350
BILAC;3º DOSE;78
BERTIOGA;3º DOSE;146
BERNARDINO DE CAMPOS;3º DOSE;20
BENTO DE ABREU;3º DOSE;19
BEBEDOURO;3º DOSE;261
BAURU;3º DOSE;489
BATATAIS;3º DOSE;368
BASTOS;3º DOSE;83
BARUERI;3º DOSE;416
BARRINHA;3º DOSE;58
BARRETOS;3º DOSE;698
BARRA BONITA;3º DOSE;292
BARIRI;3º DOSE;146
BARÃO DE ANTONINA;3º DOSE;29
BANANAL;3º DOSE;20
BÁLSAMO;3º DOSE;58
BALBINOS;3º DOSE;21
BADY BASSITT;3º DOSE;21
AVARÉ;3º DOSE;449
AVANHANDAVA;3º DOSE;11
AVAÍ;3º DOSE;3
AURIFLAMA;3º DOSE;16
ATIBAIA;3º DOSE;656
ASSIS;3º DOSE;431
ASPÁSIA;3º DOSE;12
ARUJÁ;3º DOSE;325
ARTUR NOGUEIRA;3º DOSE;118
AREIÓPOLIS;3º DOSE;22
AREIAS;3º DOSE;33
AREALVA;3º DOSE;72
ARCO-ÍRIS;3º DOSE;16
ARARAQUARA;3º DOSE;875
ARANDU;3º DOSE;38
ARAÇOIABA DA SERRA;3º DOSE;98
ARAÇATUBA;3º DOSE;706
ARAÇARIGUAMA;3º DOSE;24
APARECIDA D'OESTE;3º DOSE;44
ANHUMAS;3º DOSE;2
ANHEMBI;3º DOSE;21
ANGATUBA;3º DOSE;45
ANDRADINA;3º DOSE;51
AMPARO;3º DOSE;408
AMÉRICO DE CAMPOS;3º DOSE;9
AMÉRICO BRASILIENSE;3º DOSE;36
AMERICANA;3º DOSE;991
ÁLVARO DE CARVALHO;3º DOSE;17
ÁLVARES MACHADO;3º DOSE;88
ÁLVARES FLORENCE;3º DOSE;32
ALUMÍNIO;3º DOSE;40
ALTO ALEGRE;3º DOSE;22
ALTINÓPOLIS;3º DOSE;140
ALTAIR;3º DOSE;30
ALFREDO MARCONDES;3º DOSE;76
AGUDOS;3º DOSE;107
ÁGUAS DE SANTA BÁRBARA;3º DOSE;18
ÁGUAS DA PRATA;3º DOSE;90
AGUAÍ;3º DOSE;130
ADOLFO;3º DOSE;42
ADAMANTINA;3º DOSE;335
ZACARIAS;2° DOSE;1376
VOTUPORANGA;2° DOSE;52396
VOTORANTIM;2° DOSE;49165
VITÓRIA BRASIL;2° DOSE;1032
VISTA ALEGRE DO ALTO;2° DOSE;3708
VIRADOURO;2° DOSE;9449
VINHEDO;2° DOSE;34912
VERA CRUZ;2° DOSE;5927
VÁRZEA PAULISTA;2° DOSE;46167
VARGEM GRANDE PAULISTA;2° DOSE;17083
VARGEM GRANDE DO SUL;2° DOSE;17943
VARGEM;2° DOSE;3935
VALPARAÍSO;2° DOSE;10982
VALINHOS;2° DOSE;63610
VALENTIM GENTIL;2° DOSE;6781
URUPÊS;2° DOSE;7760
URU;2° DOSE;876
URÂNIA;2° DOSE;4763
UNIÃO PAULISTA;2° DOSE;927
UCHOA;2° DOSE;5544
UBIRAJARA;2° DOSE;2010
UBATUBA;2° DOSE;37519
UBARANA;2° DOSE;2705
TURMALINA;2° DOSE;1302
TURIÚBA;2° DOSE;1197
TUPI PAULISTA;2° DOSE;8922
TUPÃ;2° DOSE;37924
TUIUTI;2° DOSE;3116
TRÊS FRONTEIRAS;2° DOSE;3195
TREMEMBÉ;2° DOSE;19564
TRABIJU;2° DOSE;1016
TORRINHA;2° DOSE;5048
TORRE DE PEDRA;2° DOSE;1518
TIMBURI;2° DOSE;1543
TIETÊ;2° DOSE;20287
TERRA ROXA;2° DOSE;4527
TEODORO SAMPAIO;2° DOSE;9880
TEJUPÁ;2° DOSE;2221
TAUBATÉ;2° DOSE;153355
TATUÍ;2° DOSE;59075
TARUMÃ;2° DOSE;7212
TARABAI;2° DOSE;3798
TAQUARIVAÍ;2° DOSE;2551
TAQUARITUBA;2° DOSE;13281
TAQUARITINGA;2° DOSE;29825
TAQUARAL;2° DOSE;1431
TAPIRATIBA;2° DOSE;6876
TAPIRAÍ;2° DOSE;4216
TANABI;2° DOSE;14275
TAMBAÚ;2° DOSE;10430
TAIÚVA;2° DOSE;3258
TAIAÇU;2° DOSE;3403
TAGUAÍ;2° DOSE;6425
TACIBA;2° DOSE;2807
TABOÃO DA SERRA;2° DOSE;113232
TABATINGA;2° DOSE;6852
TABAPUÃ;2° DOSE;6896
SUZANO;2° DOSE;119597
SUZANÁPOLIS;2° DOSE;1863
SUMARÉ;2° DOSE;118759
SUD MENNUCCI;2° DOSE;4116
SOROCABA;2° DOSE;217498
SOCORRO;2° DOSE;20533
SILVEIRAS;2° DOSE;3316
SEVERÍNIA;2° DOSE;7463
SETE BARRAS;2° DOSE;5594
SERTÃOZINHO;2° DOSE;57150
SERRANA;2° DOSE;32288
SERRA NEGRA;2° DOSE;15738
SERRA AZUL;2° DOSE;6581
SEBASTIANÓPOLIS DO SUL;2° DOSE;2054
SARUTAIÁ;2° DOSE;1993
SARAPUÍ;2° DOSE;4055
SÃO VICENTE;2° DOSE;148994
SÃO SIMÃO;2° DOSE;7422
SÃO SEBASTIÃO DA GRAMA;2° DOSE;5496
SÃO SEBASTIÃO;2° DOSE;39677
SÃO ROQUE;2° DOSE;28918
SÃO PEDRO DO TURVO;2° DOSE;3870
SÃO PEDRO;2° DOSE;14063
SÃO PAULO;2° DOSE;6089209
SÃO MIGUEL ARCANJO;2° DOSE;14846
SÃO MANUEL;2° DOSE;18875
SÃO LUIZ DO PARAITINGA;2° DOSE;5802
SÃO LOURENÇO DA SERRA;2° DOSE;7007
SÃO JOSÉ DOS CAMPOS;2° DOSE;366733
SÃO JOSÉ DO RIO PRETO;2° DOSE;252952
SÃO JOSÉ DO RIO PARDO;2° DOSE;28256
SÃO JOSÉ DO BARREIRO;2° DOSE;2177
SÃO JOSÉ DA BELA VISTA;2° DOSE;3460
SÃO JOAQUIM DA BARRA;2° DOSE;21992
SÃO JOÃO DO PAU D'ALHO;2° DOSE;1312
SÃO JOÃO DE IRACEMA;2° DOSE;945
SÃO JOÃO DAS DUAS PONTES;2° DOSE;1518
SÃO JOÃO DA BOA VISTA;2° DOSE;51625
SÃO FRANCISCO;2° DOSE;1873
SÃO CARLOS;2° DOSE;133299
SÃO CAETANO DO SUL;2° DOSE;94018
SÃO BERNARDO DO CAMPO;2° DOSE;389572
SÃO BENTO DO SAPUCAÍ;2° DOSE;6007
SANTOS;2° DOSE;253711
SANTÓPOLIS DO AGUAPEÍ;2° DOSE;2258
SANTO EXPEDITO;2° DOSE;1712
SANTO ANTÔNIO DO PINHAL;2° DOSE;3237
SANTO ANTÔNIO DO JARDIM;2° DOSE;3415
SANTO ANTÔNIO DO ARACANGUÁ;2° DOSE;4236
SANTO ANTÔNIO DE POSSE;2° DOSE;10267
SANTO ANTÔNIO DA ALEGRIA;2° DOSE;3823
SANTO ANDRÉ;2° DOSE;348314
SANTO ANASTÁCIO;2° DOSE;9489
SANTANA DE PARNAÍBA;2° DOSE;69162
SANTANA DA PONTE PENSA;2° DOSE;1067
SANTA SALETE;2° DOSE;1044
SANTA ROSA DE VITERBO;2° DOSE;12284
SANTA RITA DO PASSA QUATRO;2° DOSE;14894
SANTA RITA D'OESTE;2° DOSE;1720
SANTA MERCEDES;2° DOSE;1596
SANTA MARIA DA SERRA;2° DOSE;2533
SANTA LÚCIA;2° DOSE;3765
SANTA ISABEL;2° DOSE;25661
SANTA GERTRUDES;2° DOSE;10834
SANTA FÉ DO SUL;2° DOSE;19320
SANTA ERNESTINA;2° DOSE;3094
SANTA CRUZ DO RIO PARDO;2° DOSE;24917
SANTA CRUZ DAS PALMEIRAS;2° DOSE;12604
SANTA CRUZ DA ESPERANÇA;2° DOSE;1160
SANTA CRUZ DA CONCEIÇÃO;2° DOSE;2572
SANTA CLARA D'OESTE;2° DOSE;1429
SANTA BRANCA;2° DOSE;7110
SANTA BÁRBARA D'OESTE;2° DOSE;87162
SANTA ALBERTINA;2° DOSE;3619
SANTA ADÉLIA;2° DOSE;7332
SANDOVALINA;2° DOSE;2080
SALTO GRANDE;2° DOSE;3671
SALTO DE PIRAPORA;2° DOSE;21341
SALTO;2° DOSE;54031
SALTINHO;2° DOSE;4113
SALMOURÃO;2° DOSE;2561
SALESÓPOLIS;2° DOSE;8865
SALES OLIVEIRA;2° DOSE;5904
SALES;2° DOSE;3641
SAGRES;2° DOSE;1146
SABINO;2° DOSE;2647
RUBINÉIA;2° DOSE;2008
RUBIÁCEA;2° DOSE;1455
ROSEIRA;2° DOSE;4550
ROSANA;2° DOSE;9612
RIVERSUL;2° DOSE;3243
RIOLÂNDIA;2° DOSE;4170
RIO GRANDE DA SERRA;2° DOSE;7160
RIO DAS PEDRAS;2° DOSE;13880
RIO CLARO;2° DOSE;101848
RINÓPOLIS;2° DOSE;4155
RINCÃO;2° DOSE;5311
RIFAINA;2° DOSE;2115
RIBEIRÃO PRETO;2° DOSE;333545
RIBEIRÃO PIRES;2° DOSE;46014
RIBEIRÃO GRANDE;2° DOSE;4127
RIBEIRÃO DOS ÍNDIOS;2° DOSE;1389
RIBEIRÃO DO SUL;2° DOSE;2674
RIBEIRÃO CORRENTE;2° DOSE;2334
RIBEIRÃO BRANCO;2° DOSE;8017
RIBEIRÃO BONITO;2° DOSE;6394
RIBEIRA;2° DOSE;1637
RESTINGA;2° DOSE;3387
REGISTRO;2° DOSE;26589
REGINÓPOLIS;2° DOSE;5785
REGENTE FEIJÓ;2° DOSE;10358
REDENÇÃO DA SERRA;2° DOSE;2187
RANCHARIA;2° DOSE;16518
RAFARD;2° DOSE;3793
QUINTANA;2° DOSE;3606
QUELUZ;2° DOSE;3976
QUEIROZ;2° DOSE;1667
QUATÁ;2° DOSE;7190
QUADRA;2° DOSE;1817
PROMISSÃO;2° DOSE;18453
PRESIDENTE VENCESLAU;2° DOSE;19173
PRESIDENTE PRUDENTE;2° DOSE;116052
PRESIDENTE EPITÁCIO;2° DOSE;21560
PRESIDENTE BERNARDES;2° DOSE;7978
PRESIDENTE ALVES;2° DOSE;2270
PRATÂNIA;2° DOSE;2336
PRAIA GRANDE;2° DOSE;161368
PRADÓPOLIS;2° DOSE;9224
PRACINHA;2° DOSE;2054
POTIRENDABA;2° DOSE;8209
POTIM;2° DOSE;9188
PORTO FERREIRA;2° DOSE;27779
PORTO FELIZ;2° DOSE;25475
PORANGABA;2° DOSE;4696
POPULINA;2° DOSE;2622
PONTES GESTAL;2° DOSE;1472
PONTALINDA;2° DOSE;2001
PONTAL;2° DOSE;18881
PONGAÍ;2° DOSE;2089
POMPÉIA;2° DOSE;9033
POLONI;2° DOSE;3444
POÁ;2° DOSE;48970
PLATINA;2° DOSE;1836
PLANALTO;2° DOSE;2416
PITANGUEIRAS;2° DOSE;15133
PIRATININGA;2° DOSE;8020
PIRASSUNUNGA;2° DOSE;38620
PIRAPOZINHO;2° DOSE;12627
PIRAPORA DO BOM JESUS;2° DOSE;6433
PIRANGI;2° DOSE;6244
PIRAJUÍ;2° DOSE;9041
PIRAJU;2° DOSE;15657
PIRACICABA;2° DOSE;199018
PIRACAIA;2° DOSE;14085
PIQUETE;2° DOSE;6602
PIQUEROBI;2° DOSE;1627
PINHALZINHO;2° DOSE;7956
PINDORAMA;2° DOSE;8390
PINDAMONHANGABA;2° DOSE;73798
PILAR DO SUL;2° DOSE;14340
PIEDADE;2° DOSE;21726
PIACATU;2° DOSE;2969
PERUÍBE;2° DOSE;31180
PEREIRAS;2° DOSE;3951
PEREIRA BARRETO;2° DOSE;13679
PENÁPOLIS;2° DOSE;33201
PEDRO DE TOLEDO;2° DOSE;4997
PEDRINHAS PAULISTA;2° DOSE;1880
PEDREIRA;2° DOSE;21780
PEDREGULHO;2° DOSE;8421
PEDRANÓPOLIS;2° DOSE;1546
PEDRA BELA;2° DOSE;3602
PEDERNEIRAS;2° DOSE;20144
PAULO DE FARIA;2° DOSE;4360
PAULISTÂNIA;2° DOSE;1099
PAULÍNIA;2° DOSE;50831
PAULICÉIA;2° DOSE;3661
PATROCÍNIO PAULISTA;2° DOSE;7432
PARISI;2° DOSE;1489
PARIQUERA-AÇU;2° DOSE;10340
PARDINHO;2° DOSE;3146
PARAPUÃ;2° DOSE;5647
PARANAPUÃ;2° DOSE;2247
PARANAPANEMA;2° DOSE;9526
PARAÍSO;2° DOSE;3402
PARAIBUNA;2° DOSE;8598
PARAGUAÇU PAULISTA;2° DOSE;23898
PANORAMA;2° DOSE;7227
PALMITAL;2° DOSE;11905
PALMEIRA D'OESTE;2° DOSE;5394
PALMARES PAULISTA;2° DOSE;4798
PALESTINA;2° DOSE;5840
PACAEMBU;2° DOSE;5573
OUROESTE;2° DOSE;5513
OURO VERDE;2° DOSE;3310
OURINHOS;2° DOSE;50110
OSVALDO CRUZ;2° DOSE;17773
OSCAR BRESSANE;2° DOSE;1503
OSASCO;2° DOSE;296646
ORLÂNDIA;2° DOSE;18007
ORINDIÚVA;2° DOSE;3373
ORIENTE;2° DOSE;3171
ONDA VERDE;2° DOSE;2349
OLÍMPIA;2° DOSE;29512
ÓLEO;2° DOSE;1364
OCAUÇU;2° DOSE;2572
NUPORANGA;2° DOSE;3380
NOVO HORIZONTE;2° DOSE;21241
NOVAIS;2° DOSE;2096
NOVA ODESSA;2° DOSE;23985
NOVA LUZITÂNIA;2° DOSE;1355
NOVA INDEPENDÊNCIA;2° DOSE;2288
NOVA GUATAPORANGA;2° DOSE;1420
NOVA GRANADA;2° DOSE;10754
NOVA EUROPA;2° DOSE;5187
NOVA CASTILHO;2° DOSE;691
NOVA CANAÃ PAULISTA;2° DOSE;1316
NOVA CAMPINA;2° DOSE;4713
NOVA ALIANÇA;2° DOSE;3790
NIPOÃ;2° DOSE;2295
NHANDEARA;2° DOSE;5926
NEVES PAULISTA;2° DOSE;5595
NAZARÉ PAULISTA;2° DOSE;9422
NATIVIDADE DA SERRA;2° DOSE;3201
NARANDIBA;2° DOSE;2542
NANTES;2° DOSE;1461
MURUTINGA DO SUL;2° DOSE;2338
MOTUCA;2° DOSE;2056
MORUNGABA;2° DOSE;6326
MORRO AGUDO;2° DOSE;14685
MONTEIRO LOBATO;2° DOSE;2230
MONTE MOR;2° DOSE;28158
MONTE CASTELO;2° DOSE;2254
MONTE AZUL PAULISTA;2° DOSE;10142
MONTE APRAZÍVEL;2° DOSE;12810
MONTE ALTO;2° DOSE;26905
MONTE ALEGRE DO SUL;2° DOSE;4356
MONGAGUÁ;2° DOSE;26652
MONÇÕES;2° DOSE;1287
MOMBUCA;2° DOSE;1374
MOGI MIRIM;2° DOSE;48588
MOGI GUAÇU;2° DOSE;65868
MOGI DAS CRUZES;2° DOSE;202695
MOCOCA;2° DOSE;37951
MIRASSOLÂNDIA;2° DOSE;2669
MIRASSOL;2° DOSE;32600
MIRANTE DO PARANAPANEMA;2° DOSE;7486
MIRANDÓPOLIS;2° DOSE;13750
MIRACATU;2° DOSE;9501
MIRA ESTRELA;2° DOSE;1927
MINEIROS DO TIETÊ;2° DOSE;6237
MIGUELÓPOLIS;2° DOSE;10473
MESÓPOLIS;2° DOSE;1040
MERIDIANO;2° DOSE;2355
MENDONÇA;2° DOSE;3238
MAUÁ;2° DOSE;177265
MATÃO;2° DOSE;43007
MARTINÓPOLIS;2° DOSE;14543
MARINÓPOLIS;2° DOSE;1280
MARÍLIA;2° DOSE;121204
MARIÁPOLIS;2° DOSE;1906
MARAPOAMA;2° DOSE;1858
MARACAÍ;2° DOSE;7126
MARABÁ PAULISTA;2° DOSE;2380
MANDURI;2° DOSE;5176
MAIRIPORÃ;2° DOSE;40370
MAIRINQUE;2° DOSE;22547
MAGDA;2° DOSE;1940
MACEDÔNIA;2° DOSE;2323
MACAUBAL;2° DOSE;3940
MACATUBA;2° DOSE;8920
LUTÉCIA;2° DOSE;1507
LUPÉRCIO;2° DOSE;2008
LUIZIÂNIA;2° DOSE;2680
LUÍS ANTÔNIO;2° DOSE;6313
LUCIANÓPOLIS;2° DOSE;1451
LUCÉLIA;2° DOSE;9917
LOUVEIRA;2° DOSE;23433
LOURDES;2° DOSE;1337
LORENA;2° DOSE;36498
LINS;2° DOSE;39443
LINDÓIA;2° DOSE;3815
LIMEIRA;2° DOSE;118611
LENÇÓIS PAULISTA;2° DOSE;31592
LEME;2° DOSE;50818
LAVRINHAS;2° DOSE;2764
LAVÍNIA;2° DOSE;5749
LARANJAL PAULISTA;2° DOSE;14999
LAGOINHA;2° DOSE;3173
JUQUITIBA;2° DOSE;13862
JUQUIÁ;2° DOSE;7502
JUNQUEIRÓPOLIS;2° DOSE;11477
JUNDIAÍ;2° DOSE;224951
JUMIRIM;2° DOSE;1607
JÚLIO MESQUITA;2° DOSE;2276
JOSÉ BONIFÁCIO;2° DOSE;19666
JOÃO RAMALHO;2° DOSE;2194
JOANÓPOLIS;2° DOSE;6557
JERIQUARA;2° DOSE;1755
JAÚ;2° DOSE;59509
JARINU;2° DOSE;15426
JARDINÓPOLIS;2° DOSE;19749
JANDIRA;2° DOSE;48381
JAMBEIRO;2° DOSE;2902
JALES;2° DOSE;27806
JAGUARIÚNA;2° DOSE;29879
JACUPIRANGA;2° DOSE;7419
JACI;2° DOSE;3753
JACAREÍ;2° DOSE;102286
JABOTICABAL;2° DOSE;39119
JABORANDI;2° DOSE;3541
ITUVERAVA;2° DOSE;20441
ITUPEVA;2° DOSE;26756
ITU;2° DOSE;84643
ITOBI;2° DOSE;3695
ITIRAPUÃ;2° DOSE;3076
ITIRAPINA;2° DOSE;7711
ITATINGA;2° DOSE;9610
ITATIBA;2° DOSE;60181
ITARIRI;2° DOSE;6660
ITARARÉ;2° DOSE;24923
ITAQUAQUECETUBA;2° DOSE;111628
ITAPURA;2° DOSE;2231
ITAPUÍ;2° DOSE;6435
ITAPORANGA;2° DOSE;7409
ITÁPOLIS;2° DOSE;19935
ITAPIRAPUÃ PAULISTA;2° DOSE;2070
ITAPIRA;2° DOSE;39069
ITAPEVI;2° DOSE;78097
ITAPEVA;2° DOSE;46551
ITAPETININGA;2° DOSE;76404
ITAPECERICA DA SERRA;2° DOSE;71100
ITAOCA;2° DOSE;1972
ITANHAÉM;2° DOSE;52212
ITAJU;2° DOSE;1670
ITAJOBI;2° DOSE;8929
ITAÍ;2° DOSE;13266
ITABERÁ;2° DOSE;10333
IRAPURU;2° DOSE;4246
IRAPUÃ;2° DOSE;3929
IRACEMÁPOLIS;2° DOSE;10203
IPUÃ;2° DOSE;7581
IPORANGA;2° DOSE;2196
IPIGUÁ;2° DOSE;2972
IPEÚNA;2° DOSE;3190
IPERÓ;2° DOSE;14877
IPAUSSU;2° DOSE;7042
INÚBIA PAULISTA;2° DOSE;2117
INDIAPORÃ;2° DOSE;2421
INDIANA;2° DOSE;2849
INDAIATUBA;2° DOSE;131303
ILHABELA;2° DOSE;16831
ILHA SOLTEIRA;2° DOSE;15215
ILHA COMPRIDA;2° DOSE;5837
IGUAPE;2° DOSE;15030
IGARATÁ;2° DOSE;5125
IGARAPAVA;2° DOSE;14255
IGARAÇU DO TIETÊ;2° DOSE;11871
IEPÊ;2° DOSE;4659
ICÉM;2° DOSE;3544
IBIÚNA;2° DOSE;21792
IBITINGA;2° DOSE;29142
IBIRAREMA;2° DOSE;3604
IBIRÁ;2° DOSE;6494
IBATÉ;2° DOSE;16184
IARAS;2° DOSE;3783
IACRI;2° DOSE;3489
IACANGA;2° DOSE;5623
HORTOLÂNDIA;2° DOSE;99457
HOLAMBRA;2° DOSE;7945
HERCULÂNDIA;2° DOSE;3486
GUZOLÂNDIA;2° DOSE;2644
GUATAPARÁ;2° DOSE;3232
GUARULHOS;2° DOSE;596141
GUARUJÁ;2° DOSE;112460
GUARIBA;2° DOSE;15728
GUAREÍ;2° DOSE;7558
GUARATINGUETÁ;2° DOSE;60977
GUARAREMA;2° DOSE;15933
GUARARAPES;2° DOSE;16672
GUARANTÃ;2° DOSE;2586
GUARANI D'OESTE;2° DOSE;1216
GUARACI;2° DOSE;4814
GUARAÇAÍ;2° DOSE;4447
GUARÁ;2° DOSE;9681
GUAPIARA;2° DOSE;7991
GUAPIAÇU;2° DOSE;9872
GUAÍRA;2° DOSE;18344
GUAIMBÊ;2° DOSE;2800
GUAIÇARA;2° DOSE;5627
GLICÉRIO;2° DOSE;2202
GETULINA;2° DOSE;4974
GENERAL SALGADO;2° DOSE;5875
GAVIÃO PEIXOTO;2° DOSE;2569
GASTÃO VIDIGAL;2° DOSE;1937
GARÇA;2° DOSE;21393
GÁLIA;2° DOSE;3673
GABRIEL MONTEIRO;2° DOSE;1650
FRANCO DA ROCHA;2° DOSE;70687
FRANCISCO MORATO;2° DOSE;74940
FRANCA;2° DOSE;168561
FLORÍNEA;2° DOSE;1897
FLÓRIDA PAULISTA;2° DOSE;6350
FLOREAL;2° DOSE;1932
FLORA RICA;2° DOSE;1047
FERRAZ DE VASCONCELOS;2° DOSE;69603
FERNÃO;2° DOSE;944
FERNANDÓPOLIS;2° DOSE;40995
FERNANDO PRESTES;2° DOSE;3367
FARTURA;2° DOSE;6446
EUCLIDES DA CUNHA PAULISTA;2° DOSE;3390
ESTRELA DO NORTE;2° DOSE;1636
ESTRELA D'OESTE;2° DOSE;4871
ESTIVA GERBI;2° DOSE;4580
ESPÍRITO SANTO DO TURVO;2° DOSE;2359
ESPÍRITO SANTO DO PINHAL;2° DOSE;21989
ENGENHEIRO COELHO;2° DOSE;8353
EMILIANÓPOLIS;2° DOSE;1828
EMBU-GUAÇU;2° DOSE;27932
EMBU DAS ARTES;2° DOSE;108824
EMBAÚBA;2° DOSE;1338
ELISIÁRIO;2° DOSE;1728
ELIAS FAUSTO;2° DOSE;8311
ELDORADO;2° DOSE;6524
ECHAPORÃ;2° DOSE;3111
DUMONT;2° DOSE;4125
DUARTINA;2° DOSE;7063
DRACENA;2° DOSE;22288
DOURADO;2° DOSE;4886
DOLCINÓPOLIS;2° DOSE;1354
DOIS CÓRREGOS;2° DOSE;13458
DOBRADA;2° DOSE;3626
DIVINOLÂNDIA;2° DOSE;7262
DIRCE REIS;2° DOSE;1080
DIADEMA;2° DOSE;190633
DESCALVADO;2° DOSE;18803
CUNHA;2° DOSE;12079
CUBATÃO;2° DOSE;54991
CRUZEIRO;2° DOSE;34148
CRUZÁLIA;2° DOSE;1345
CRISTAIS PAULISTA;2° DOSE;4090
CRAVINHOS;2° DOSE;14697
COTIA;2° DOSE;105443
COSMORAMA;2° DOSE;4615
COSMÓPOLIS;2° DOSE;24018
CORUMBATAÍ;2° DOSE;1925
CORONEL MACEDO;2° DOSE;2869
COROADOS;2° DOSE;3168
CORDEIRÓPOLIS;2° DOSE;11323
CONCHAS;2° DOSE;8465
CONCHAL;2° DOSE;12631
COLÔMBIA;2° DOSE;3423
COLINA;2° DOSE;7890
CLEMENTINA;2° DOSE;3863
CHAVANTES;2° DOSE;6380
CHARQUEADA;2° DOSE;8068
CESÁRIO LANGE;2° DOSE;8682
CERQUILHO;2° DOSE;24076
CERQUEIRA CÉSAR;2° DOSE;11288
CEDRAL;2° DOSE;5315
CATIGUÁ;2° DOSE;4099
CATANDUVA;2° DOSE;66731
CASTILHO;2° DOSE;8728
CÁSSIA DOS COQUEIROS;2° DOSE;1490
CASA BRANCA;2° DOSE;13128
CARDOSO;2° DOSE;6754
CARAPICUÍBA;2° DOSE;175131
CARAGUATATUBA;2° DOSE;58536
CAPIVARI;2° DOSE;23734
CAPELA DO ALTO;2° DOSE;9114
CAPÃO BONITO;2° DOSE;22773
CANITAR;2° DOSE;2213
CÂNDIDO RODRIGUES;2° DOSE;1781
CÂNDIDO MOTA;2° DOSE;16370
CANAS;2° DOSE;2262
CANANÉIA;2° DOSE;5903
CAMPOS NOVOS PAULISTA;2° DOSE;2215
CAMPOS DO JORDÃO;2° DOSE;23300
CAMPO LIMPO PAULISTA;2° DOSE;35718
CAMPINAS;2° DOSE;601706
CAMPINA DO MONTE ALEGRE;2° DOSE;3012
CAJURU;2° DOSE;12505
CAJOBI;2° DOSE;4689
CAJATI;2° DOSE;12074
CAJAMAR;2° DOSE;37949
CAIUÁ;2° DOSE;3043
CAIEIRAS;2° DOSE;45253
CAIABU;2° DOSE;2131
CAFELÂNDIA;2° DOSE;8529
CACONDE;2° DOSE;7627
CACHOEIRA PAULISTA;2° DOSE;12408
CAÇAPAVA;2° DOSE;39964
CABREÚVA;2° DOSE;20414
CABRÁLIA PAULISTA;2° DOSE;2140
BURITIZAL;2° DOSE;2129
BURITAMA;2° DOSE;9635
BURI;2° DOSE;8732
BROTAS;2° DOSE;12500
BRODOWSKI;2° DOSE;12450
BREJO ALEGRE;2° DOSE;1356
BRAÚNA;2° DOSE;2881
BRAGANÇA PAULISTA;2° DOSE;91689
BOTUCATU;2° DOSE;117062
BOREBI;2° DOSE;1301
BORBOREMA;2° DOSE;8655
BORACÉIA;2° DOSE;2547
BORÁ;2° DOSE;514
BOM SUCESSO DE ITARARÉ;2° DOSE;1790
BOM JESUS DOS PERDÕES;2° DOSE;11719
BOITUVA;2° DOSE;26469
BOFETE;2° DOSE;4713
BOCAINA;2° DOSE;6275
BOA ESPERANÇA DO SUL;2° DOSE;7100
BIRITIBA MIRIM;2° DOSE;14127
BIRIGUI;2° DOSE;52450
BILAC;2° DOSE;4131
BERTIOGA;2° DOSE;29788
BERNARDINO DE CAMPOS;2° DOSE;6275
BENTO DE ABREU;2° DOSE;1359
BEBEDOURO;2° DOSE;36568
BAURU;2° DOSE;194019
BATATAIS;2° DOSE;30651
BASTOS;2° DOSE;11936
BARUERI;2° DOSE;136071
BARRINHA;2° DOSE;12586
BARRETOS;2° DOSE;63968
BARRA DO TURVO;2° DOSE;3191
BARRA DO CHAPÉU;2° DOSE;2749
BARRA BONITA;2° DOSE;20065
BARIRI;2° DOSE;16900
BARBOSA;2° DOSE;2995
BARÃO DE ANTONINA;2° DOSE;2035
BANANAL;2° DOSE;4724
BÁLSAMO;2° DOSE;5200
BALBINOS;2° DOSE;2811
BADY BASSITT;2° DOSE;9985
AVARÉ;2° DOSE;48657
AVANHANDAVA;2° DOSE;6043
AVAÍ;2° DOSE;2879
AURIFLAMA;2° DOSE;6963
ATIBAIA;2° DOSE;63820
ASSIS;2° DOSE;55614
ASPÁSIA;2° DOSE;1087
ARUJÁ;2° DOSE;37293
ARTUR NOGUEIRA;2° DOSE;25211
ARIRANHA;2° DOSE;4612
AREIÓPOLIS;2° DOSE;4639
AREIAS;2° DOSE;1835
AREALVA;2° DOSE;4713
ARCO-ÍRIS;2° DOSE;1122
ARARAS;2° DOSE;65230
ARARAQUARA;2° DOSE;118763
ARAPEÍ;2° DOSE;1312
ARANDU;2° DOSE;3443
ARAMINA;2° DOSE;2941
ARAÇOIABA DA SERRA;2° DOSE;14007
ARAÇATUBA;2° DOSE;104330
ARAÇARIGUAMA;2° DOSE;7699
APIAÍ;2° DOSE;12416
APARECIDA D'OESTE;2° DOSE;2816
APARECIDA;2° DOSE;16250
ANHUMAS;2° DOSE;2221
ANHEMBI;2° DOSE;3079
ANGATUBA;2° DOSE;10533
ANDRADINA;2° DOSE;28038
ANALÂNDIA;2° DOSE;2189
AMPARO;2° DOSE;39409
AMÉRICO DE CAMPOS;2° DOSE;3363
AMÉRICO BRASILIENSE;2° DOSE;16349
AMERICANA;2° DOSE;116187
ALVINLÂNDIA;2° DOSE;1620
ÁLVARO DE CARVALHO;2° DOSE;2500
ÁLVARES MACHADO;2° DOSE;12127
ÁLVARES FLORENCE;2° DOSE;2287
ALUMÍNIO;2° DOSE;6402
ALTO ALEGRE;2° DOSE;2309
ALTINÓPOLIS;2° DOSE;8835
ALTAIR;2° DOSE;1791
ALFREDO MARCONDES;2° DOSE;2629
ALAMBARI;2° DOSE;2755
AGUDOS;2° DOSE;19580
ÁGUAS DE SÃO PEDRO;2° DOSE;2378
ÁGUAS DE SANTA BÁRBARA;2° DOSE;3427
ÁGUAS DE LINDÓIA;2° DOSE;10567
ÁGUAS DA PRATA;2° DOSE;4125
AGUAÍ;2° DOSE;17002
ADOLFO;2° DOSE;2617
ADAMANTINA;2° DOSE;18513
ZACARIAS;1° DOSE;2012
VOTUPORANGA;1° DOSE;78414
VOTORANTIM;1° DOSE;83290
VITÓRIA BRASIL;1° DOSE;1506
VISTA ALEGRE DO ALTO;1° DOSE;6328
VIRADOURO;1° DOSE;14520
VINHEDO;1° DOSE;59857
VERA CRUZ;1° DOSE;8302
VÁRZEA PAULISTA;1° DOSE;84777
VARGEM GRANDE PAULISTA;1° DOSE;37272
VARGEM GRANDE DO SUL;1° DOSE;33522
VARGEM;1° DOSE;7894
VALPARAÍSO;1° DOSE;19904
VALINHOS;1° DOSE;100236
VALENTIM GENTIL;1° DOSE;10535
URUPÊS;1° DOSE;11038
URU;1° DOSE;1136
URÂNIA;1° DOSE;7206
UNIÃO PAULISTA;1° DOSE;1380
UCHOA;1° DOSE;7924
UBIRAJARA;1° DOSE;4105
UBATUBA;1° DOSE;71066
UBARANA;1° DOSE;4415
TURMALINA;1° DOSE;1633
TURIÚBA;1° DOSE;1574
TUPI PAULISTA;1° DOSE;13855
TUPÃ;1° DOSE;53260
TUIUTI;1° DOSE;5308
TRÊS FRONTEIRAS;1° DOSE;5244
TREMEMBÉ;1° DOSE;39193
TRABIJU;1° DOSE;1376
TORRINHA;1° DOSE;7686
TORRE DE PEDRA;1° DOSE;2131
TIMBURI;1° DOSE;2247
TIETÊ;1° DOSE;31421
TERRA ROXA;1° DOSE;6544
TEODORO SAMPAIO;1° DOSE;17751
TEJUPÁ;1° DOSE;3549
TAUBATÉ;1° DOSE;231081
TATUÍ;1° DOSE;96850
TARUMÃ;1° DOSE;11581
TARABAI;1° DOSE;5506
TAQUARIVAÍ;1° DOSE;4359
TAQUARITUBA;1° DOSE;20669
TAQUARITINGA;1° DOSE;43515
TAQUARAL;1° DOSE;2246
TAPIRATIBA;1° DOSE;10347
TAPIRAÍ;1° DOSE;6308
TANABI;1° DOSE;20628
TAMBAÚ;1° DOSE;17129
TAIÚVA;1° DOSE;5410
TAIAÇU;1° DOSE;4725
TAGUAÍ;1° DOSE;10037
TACIBA;1° DOSE;4503
TABOÃO DA SERRA;1° DOSE;211869
TABATINGA;1° DOSE;11824
TABAPUÃ;1° DOSE;9419
SUZANO;1° DOSE;217423
SUZANÁPOLIS;1° DOSE;2805
SUMARÉ;1° DOSE;211887
SUD MENNUCCI;1° DOSE;6089
SOROCABA;1° DOSE;483496
SOCORRO;1° DOSE;33315
SILVEIRAS;1° DOSE;5139
SEVERÍNIA;1° DOSE;11988
SETE BARRAS;1° DOSE;9076
SERTÃOZINHO;1° DOSE;99361
SERRANA;1° DOSE;37655
SERRA NEGRA;1° DOSE;23723
SERRA AZUL;1° DOSE;11842
SEBASTIANÓPOLIS DO SUL;1° DOSE;2852
SARUTAIÁ;1° DOSE;2980
SARAPUÍ;1° DOSE;8012
SÃO VICENTE;1° DOSE;263212
SÃO SIMÃO;1° DOSE;11556
SÃO SEBASTIÃO DA GRAMA;1° DOSE;8756
SÃO SEBASTIÃO;1° DOSE;65407
SÃO ROQUE;1° DOSE;64156
SÃO PEDRO DO TURVO;1° DOSE;5891
SÃO PEDRO;1° DOSE;26422
SÃO PAULO;1° DOSE;10240004
SÃO MIGUEL ARCANJO;1° DOSE;25365
SÃO MANUEL;1° DOSE;29160
SÃO LUIZ DO PARAITINGA;1° DOSE;8994
SÃO LOURENÇO DA SERRA;1° DOSE;11470
SÃO JOSÉ DOS CAMPOS;1° DOSE;560086
SÃO JOSÉ DO RIO PRETO;1° DOSE;374746
SÃO JOSÉ DO RIO PARDO;1° DOSE;44166
SÃO JOSÉ DO BARREIRO;1° DOSE;3307
SÃO JOSÉ DA BELA VISTA;1° DOSE;5964
SÃO JOAQUIM DA BARRA;1° DOSE;38997
SÃO JOÃO DO PAU D'ALHO;1° DOSE;1846
SÃO JOÃO DE IRACEMA;1° DOSE;1523
SÃO JOÃO DAS DUAS PONTES;1° DOSE;2041
SÃO JOÃO DA BOA VISTA;1° DOSE;75073
SÃO FRANCISCO;1° DOSE;2370
SÃO CARLOS;1° DOSE;206379
SÃO CAETANO DO SUL;1° DOSE;130424
SÃO BERNARDO DO CAMPO;1° DOSE;635350
SÃO BENTO DO SAPUCAÍ;1° DOSE;8914
SANTOS;1° DOSE;362986
SANTÓPOLIS DO AGUAPEÍ;1° DOSE;3207
SANTO EXPEDITO;1° DOSE;2508
SANTO ANTÔNIO DO PINHAL;1° DOSE;5437
SANTO ANTÔNIO DO JARDIM;1° DOSE;4899
SANTO ANTÔNIO DO ARACANGUÁ;1° DOSE;6274
SANTO ANTÔNIO DE POSSE;1° DOSE;18594
SANTO ANTÔNIO DA ALEGRIA;1° DOSE;5617
SANTO ANDRÉ;1° DOSE;562036
SANTO ANASTÁCIO;1° DOSE;14959
SANTANA DE PARNAÍBA;1° DOSE;113836
SANTANA DA PONTE PENSA;1° DOSE;1305
SANTA SALETE;1° DOSE;1380
SANTA ROSA DE VITERBO;1° DOSE;19908
SANTA RITA DO PASSA QUATRO;1° DOSE;21998
SANTA RITA D'OESTE;1° DOSE;2250
SANTA MERCEDES;1° DOSE;2577
SANTA MARIA DA SERRA;1° DOSE;4429
SANTA LÚCIA;1° DOSE;6058
SANTA ISABEL;1° DOSE;42462
SANTA GERTRUDES;1° DOSE;18882
SANTA FÉ DO SUL;1° DOSE;28084
SANTA ERNESTINA;1° DOSE;4451
SANTA CRUZ DO RIO PARDO;1° DOSE;38484
SANTA CRUZ DAS PALMEIRAS;1° DOSE;23406
SANTA CRUZ DA ESPERANÇA;1° DOSE;1722
SANTA CRUZ DA CONCEIÇÃO;1° DOSE;3617
SANTA CLARA D'OESTE;1° DOSE;1955
SANTA BRANCA;1° DOSE;11024
SANTA BÁRBARA D'OESTE;1° DOSE;144469
SANTA ALBERTINA;1° DOSE;5026
SANTA ADÉLIA;1° DOSE;11532
SANDOVALINA;1° DOSE;2961
SALTO GRANDE;1° DOSE;6991
SALTO DE PIRAPORA;1° DOSE;34418
SALTO;1° DOSE;96116
SALTINHO;1° DOSE;6544
SALMOURÃO;1° DOSE;3963
SALESÓPOLIS;1° DOSE;14020
SALES OLIVEIRA;1° DOSE;9152
SALES;1° DOSE;5125
SAGRES;1° DOSE;1909
SABINO;1° DOSE;4324
RUBINÉIA;1° DOSE;2869
RUBIÁCEA;1° DOSE;2357
ROSEIRA;1° DOSE;8247
ROSANA;1° DOSE;13832
RIVERSUL;1° DOSE;4627
RIOLÂNDIA;1° DOSE;9191
RIO GRANDE DA SERRA;1° DOSE;25926
RIO DAS PEDRAS;1° DOSE;25057
RIO CLARO;1° DOSE;159150
RINÓPOLIS;1° DOSE;7487
RINCÃO;1° DOSE;7553
RIFAINA;1° DOSE;3093
RIBEIRÃO PRETO;1° DOSE;529381
RIBEIRÃO PIRES;1° DOSE;92810
RIBEIRÃO GRANDE;1° DOSE;6195
RIBEIRÃO DOS ÍNDIOS;1° DOSE;1824
RIBEIRÃO DO SUL;1° DOSE;3778
RIBEIRÃO CORRENTE;1° DOSE;3878
RIBEIRÃO BRANCO;1° DOSE;12819
RIBEIRÃO BONITO;1° DOSE;9321
RIBEIRA;1° DOSE;2758
RESTINGA;1° DOSE;5564
REGISTRO;1° DOSE;45925
REGINÓPOLIS;1° DOSE;8145
REGENTE FEIJÓ;1° DOSE;15992
REDENÇÃO DA SERRA;1° DOSE;3191
RANCHARIA;1° DOSE;23841
RAFARD;1° DOSE;7472
QUINTANA;1° DOSE;5203
QUELUZ;1° DOSE;7891
QUEIROZ;1° DOSE;2587
QUATÁ;1° DOSE;10477
QUADRA;1° DOSE;2946
PROMISSÃO;1° DOSE;28054
PRESIDENTE VENCESLAU;1° DOSE;29245
PRESIDENTE PRUDENTE;1° DOSE;185759
PRESIDENTE EPITÁCIO;1° DOSE;30881
PRESIDENTE BERNARDES;1° DOSE;13261
PRESIDENTE ALVES;1° DOSE;3220
PRATÂNIA;1° DOSE;3851
PRAIA GRANDE;1° DOSE;261869
PRADÓPOLIS;1° DOSE;14396
PRACINHA;1° DOSE;2802
POTIRENDABA;1° DOSE;13935
POTIM;1° DOSE;18174
PORTO FERREIRA;1° DOSE;42868
PORTO FELIZ;1° DOSE;42001
PORANGABA;1° DOSE;7677
POPULINA;1° DOSE;3561
PONTES GESTAL;1° DOSE;2070
PONTALINDA;1° DOSE;3241
PONTAL;1° DOSE;31640
PONGAÍ;1° DOSE;2766
POMPÉIA;1° DOSE;16599
POLONI;1° DOSE;4820
POÁ;1° DOSE;82837
PLATINA;1° DOSE;2604
PLANALTO;1° DOSE;3621
PITANGUEIRAS;1° DOSE;26719
PIRATININGA;1° DOSE;11673
PIRASSUNUNGA;1° DOSE;58768
PIRAPOZINHO;1° DOSE;19964
PIRAPORA DO BOM JESUS;1° DOSE;14743
PIRANGI;1° DOSE;8880
PIRAJUÍ;1° DOSE;17255
PIRAJU;1° DOSE;24633
PIRACICABA;1° DOSE;316927
PIRACAIA;1° DOSE;22871
PIQUETE;1° DOSE;10407
PIQUEROBI;1° DOSE;2754
PINHALZINHO;1° DOSE;12448
PINDORAMA;1° DOSE;11963
PINDAMONHANGABA;1° DOSE;124583
PILAR DO SUL;1° DOSE;23249
PIEDADE;1° DOSE;40690
PIACATU;1° DOSE;4501
PERUÍBE;1° DOSE;52155
PEREIRAS;1° DOSE;6408
PEREIRA BARRETO;1° DOSE;20100
PENÁPOLIS;1° DOSE;49962
PEDRO DE TOLEDO;1° DOSE;7826
PEDRINHAS PAULISTA;1° DOSE;2502
PEDREIRA;1° DOSE;36065
PEDREGULHO;1° DOSE;13356
PEDRANÓPOLIS;1° DOSE;2280
PEDRA BELA;1° DOSE;5152
PEDERNEIRAS;1° DOSE;35184
PAULO DE FARIA;1° DOSE;6800
PAULISTÂNIA;1° DOSE;1595
PAULÍNIA;1° DOSE;82639
PAULICÉIA;1° DOSE;5752
PATROCÍNIO PAULISTA;1° DOSE;11283
PARISI;1° DOSE;2006
PARIQUERA-AÇU;1° DOSE;15662
PARDINHO;1° DOSE;5413
PARAPUÃ;1° DOSE;8432
PARANAPUÃ;1° DOSE;3374
PARANAPANEMA;1° DOSE;15561
PARAÍSO;1° DOSE;4694
PARAIBUNA;1° DOSE;13851
PARAGUAÇU PAULISTA;1° DOSE;34270
PANORAMA;1° DOSE;11224
PALMITAL;1° DOSE;17444
PALMEIRA D'OESTE;1° DOSE;7670
PALMARES PAULISTA;1° DOSE;7360
PALESTINA;1° DOSE;9018
PACAEMBU;1° DOSE;13548
OUROESTE;1° DOSE;8376
OURO VERDE;1° DOSE;6091
OURINHOS;1° DOSE;84951
OSVALDO CRUZ;1° DOSE;25750
OSCAR BRESSANE;1° DOSE;2092
OSASCO;1° DOSE;573922
ORLÂNDIA;1° DOSE;30982
ORINDIÚVA;1° DOSE;4968
ORIENTE;1° DOSE;4844
ONDA VERDE;1° DOSE;3597
OLÍMPIA;1° DOSE;44871
ÓLEO;1° DOSE;2168
OCAUÇU;1° DOSE;3524
NUPORANGA;1° DOSE;6021
NOVO HORIZONTE;1° DOSE;32094
NOVAIS;1° DOSE;3548
NOVA ODESSA;1° DOSE;45234
NOVA LUZITÂNIA;1° DOSE;2463
NOVA INDEPENDÊNCIA;1° DOSE;4372
NOVA GUATAPORANGA;1° DOSE;1867
NOVA GRANADA;1° DOSE;15948
NOVA EUROPA;1° DOSE;7647
NOVA CASTILHO;1° DOSE;935
NOVA CANAÃ PAULISTA;1° DOSE;1679
NOVA CAMPINA;1° DOSE;7060
NOVA ALIANÇA;1° DOSE;5512
NIPOÃ;1° DOSE;3938
NHANDEARA;1° DOSE;8565
NEVES PAULISTA;1° DOSE;7785
NAZARÉ PAULISTA;1° DOSE;14942
NATIVIDADE DA SERRA;1° DOSE;5754
NARANDIBA;1° DOSE;4161
NANTES;1° DOSE;2232
MURUTINGA DO SUL;1° DOSE;3215
MOTUCA;1° DOSE;3414
MORUNGABA;1° DOSE;11250
MORRO AGUDO;1° DOSE;22389
MONTEIRO LOBATO;1° DOSE;3622
MONTE MOR;1° DOSE;50349
MONTE CASTELO;1° DOSE;3310
MONTE AZUL PAULISTA;1° DOSE;15094
MONTE APRAZÍVEL;1° DOSE;18272
MONTE ALTO;1° DOSE;39767
MONTE ALEGRE DO SUL;1° DOSE;6392
MONGAGUÁ;1° DOSE;43003
MONÇÕES;1° DOSE;1728
MOMBUCA;1° DOSE;2731
MOGI MIRIM;1° DOSE;75599
MOGI GUAÇU;1° DOSE;116825
MOGI DAS CRUZES;1° DOSE;330140
MOCOCA;1° DOSE;56339
MIRASSOLÂNDIA;1° DOSE;4122
MIRASSOL;1° DOSE;48387
MIRANTE DO PARANAPANEMA;1° DOSE;13222
MIRANDÓPOLIS;1° DOSE;23814
MIRACATU;1° DOSE;15039
MIRA ESTRELA;1° DOSE;2464
MINEIROS DO TIETÊ;1° DOSE;9336
MIGUELÓPOLIS;1° DOSE;16177
MESÓPOLIS;1° DOSE;1593
MERIDIANO;1° DOSE;3324
MENDONÇA;1° DOSE;4907
MAUÁ;1° DOSE;318179
MATÃO;1° DOSE;67951
MARTINÓPOLIS;1° DOSE;21238
MARINÓPOLIS;1° DOSE;1630
MARÍLIA;1° DOSE;185568
MARIÁPOLIS;1° DOSE;2884
MARAPOAMA;1° DOSE;2507
MARACAÍ;1° DOSE;10798
MARABÁ PAULISTA;1° DOSE;4264
MANDURI;1° DOSE;7946
MAIRIPORÃ;1° DOSE;70686
MAIRINQUE;1° DOSE;42167
MAGDA;1° DOSE;2625
MACEDÔNIA;1° DOSE;3127
MACAUBAL;1° DOSE;5989
MACATUBA;1° DOSE;13327
LUTÉCIA;1° DOSE;2167
LUPÉRCIO;1° DOSE;3337
LUIZIÂNIA;1° DOSE;3999
LUÍS ANTÔNIO;1° DOSE;10049
LUCIANÓPOLIS;1° DOSE;1956
LUCÉLIA;1° DOSE;16598
LOUVEIRA;1° DOSE;36145
LOURDES;1° DOSE;1842
LORENA;1° DOSE;66954
LINS;1° DOSE;59918
LINDÓIA;1° DOSE;5563
LIMEIRA;1° DOSE;233275
LENÇÓIS PAULISTA;1° DOSE;53320
LEME;1° DOSE;78631
LAVRINHAS;1° DOSE;4888
LAVÍNIA;1° DOSE;9996
LARANJAL PAULISTA;1° DOSE;22779
LAGOINHA;1° DOSE;4292
JUQUITIBA;1° DOSE;24459
JUQUIÁ;1° DOSE;13845
JUNQUEIRÓPOLIS;1° DOSE;16661
JUNDIAÍ;1° DOSE;329374
JUMIRIM;1° DOSE;2702
JÚLIO MESQUITA;1° DOSE;3588
JOSÉ BONIFÁCIO;1° DOSE;28625
JOÃO RAMALHO;1° DOSE;3412
JOANÓPOLIS;1° DOSE;11045
JERIQUARA;1° DOSE;2561
JAÚ;1° DOSE;108124
JARINU;1° DOSE;25109
JARDINÓPOLIS;1° DOSE;34557
JANDIRA;1° DOSE;87231
JAMBEIRO;1° DOSE;4634
JALES;1° DOSE;40654
JAGUARIÚNA;1° DOSE;46199
JACUPIRANGA;1° DOSE;12262
JACI;1° DOSE;6012
JACAREÍ;1° DOSE;172445
JABOTICABAL;1° DOSE;60192
JABORANDI;1° DOSE;5050
ITUVERAVA;1° DOSE;30918
ITUPEVA;1° DOSE;46410
ITU;1° DOSE;140198
ITOBI;1° DOSE;6218
ITIRAPUÃ;1° DOSE;4747
ITIRAPINA;1° DOSE;13642
ITATINGA;1° DOSE;15278
ITATIBA;1° DOSE;94223
ITARIRI;1° DOSE;11254
ITARARÉ;1° DOSE;36404
ITAQUAQUECETUBA;1° DOSE;255018
ITAPURA;1° DOSE;3325
ITAPUÍ;1° DOSE;10596
ITAPORANGA;1° DOSE;11781
ITÁPOLIS;1° DOSE;32575
ITAPIRAPUÃ PAULISTA;1° DOSE;3256
ITAPIRA;1° DOSE;60708
ITAPEVI;1° DOSE;168372
ITAPEVA;1° DOSE;73276
ITAPETININGA;1° DOSE;127174
ITAPECERICA DA SERRA;1° DOSE;118925
ITAOCA;1° DOSE;2761
ITANHAÉM;1° DOSE;88668
ITAJU;1° DOSE;2835
ITAJOBI;1° DOSE;12924
ITAÍ;1° DOSE;21361
ITABERÁ;1° DOSE;14800
IRAPURU;1° DOSE;6724
IRAPUÃ;1° DOSE;5660
IRACEMÁPOLIS;1° DOSE;17585
IPUÃ;1° DOSE;11945
IPORANGA;1° DOSE;3031
IPIGUÁ;1° DOSE;4368
IPEÚNA;1° DOSE;5092
IPERÓ;1° DOSE;25677
IPAUSSU;1° DOSE;10928
INÚBIA PAULISTA;1° DOSE;3024
INDIAPORÃ;1° DOSE;3395
INDIANA;1° DOSE;3902
INDAIATUBA;1° DOSE;205784
ILHABELA;1° DOSE;31007
ILHA SOLTEIRA;1° DOSE;21399
ILHA COMPRIDA;1° DOSE;9361
IGUAPE;1° DOSE;23478
IGARATÁ;1° DOSE;7759
IGARAPAVA;1° DOSE;21401
IGARAÇU DO TIETÊ;1° DOSE;18466
IEPÊ;1° DOSE;6428
ICÉM;1° DOSE;6291
IBIÚNA;1° DOSE;55087
IBITINGA;1° DOSE;46581
IBIRAREMA;1° DOSE;5323
IBIRÁ;1° DOSE;9723
IBATÉ;1° DOSE;26453
IARAS;1° DOSE;7271
IACRI;1° DOSE;5068
IACANGA;1° DOSE;8855
HORTOLÂNDIA;1° DOSE;176434
HOLAMBRA;1° DOSE;12360
HERCULÂNDIA;1° DOSE;6720
GUZOLÂNDIA;1° DOSE;3692
GUATAPARÁ;1° DOSE;5908
GUARULHOS;1° DOSE;1005477
GUARUJÁ;1° DOSE;222463
GUARIBA;1° DOSE;29959
GUAREÍ;1° DOSE;13103
GUARATINGUETÁ;1° DOSE;93867
GUARAREMA;1° DOSE;25653
GUARARAPES;1° DOSE;25269
GUARANTÃ;1° DOSE;4960
GUARANI D'OESTE;1° DOSE;1712
GUARACI;1° DOSE;8296
GUARAÇAÍ;1° DOSE;6400
GUARÁ;1° DOSE;15418
GUAPIARA;1° DOSE;13913
GUAPIAÇU;1° DOSE;16973
GUAÍRA;1° DOSE;31808
GUAIMBÊ;1° DOSE;4227
GUAIÇARA;1° DOSE;9013
GLICÉRIO;1° DOSE;3529
GETULINA;1° DOSE;8778
GENERAL SALGADO;1° DOSE;8541
GAVIÃO PEIXOTO;1° DOSE;3813
GASTÃO VIDIGAL;1° DOSE;2844
GARÇA;1° DOSE;34205
GÁLIA;1° DOSE;5386
GABRIEL MONTEIRO;1° DOSE;2256
FRANCO DA ROCHA;1° DOSE;119417
FRANCISCO MORATO;1° DOSE;130686
FRANCA;1° DOSE;269430
FLORÍNEA;1° DOSE;3900
FLÓRIDA PAULISTA;1° DOSE;10091
FLOREAL;1° DOSE;2431
FLORA RICA;1° DOSE;1298
FERRAZ DE VASCONCELOS;1° DOSE;127680
FERNÃO;1° DOSE;1431
FERNANDÓPOLIS;1° DOSE;57993
FERNANDO PRESTES;1° DOSE;4684
FARTURA;1° DOSE;12103
EUCLIDES DA CUNHA PAULISTA;1° DOSE;6290
ESTRELA DO NORTE;1° DOSE;2239
ESTRELA D'OESTE;1° DOSE;7152
ESTIVA GERBI;1° DOSE;8436
ESPÍRITO SANTO DO TURVO;1° DOSE;3789
ESPÍRITO SANTO DO PINHAL;1° DOSE;34464
ENGENHEIRO COELHO;1° DOSE;15720
EMILIANÓPOLIS;1° DOSE;2548
EMBU-GUAÇU;1° DOSE;48981
EMBU DAS ARTES;1° DOSE;198084
EMBAÚBA;1° DOSE;1847
ELISIÁRIO;1° DOSE;2604
ELIAS FAUSTO;1° DOSE;13884
ELDORADO;1° DOSE;9937
ECHAPORÃ;1° DOSE;5126
DUMONT;1° DOSE;8164
DUARTINA;1° DOSE;10430
DRACENA;1° DOSE;37311
DOURADO;1° DOSE;7206
DOLCINÓPOLIS;1° DOSE;1875
DOIS CÓRREGOS;1° DOSE;19935
DOBRADA;1° DOSE;6589
DIVINOLÂNDIA;1° DOSE;9688
DIRCE REIS;1° DOSE;1436
DIADEMA;1° DOSE;322988
DESCALVADO;1° DOSE;26931
CUNHA;1° DOSE;17527
CUBATÃO;1° DOSE;87262
CRUZEIRO;1° DOSE;59203
CRUZÁLIA;1° DOSE;1783
CRISTAIS PAULISTA;1° DOSE;6951
CRAVINHOS;1° DOSE;27025
COTIA;1° DOSE;181846
COSMORAMA;1° DOSE;6244
COSMÓPOLIS;1° DOSE;45125
CORUMBATAÍ;1° DOSE;3169
CORONEL MACEDO;1° DOSE;3849
COROADOS;1° DOSE;4425
CORDEIRÓPOLIS;1° DOSE;18864
CONCHAS;1° DOSE;13445
CONCHAL;1° DOSE;22119
COLÔMBIA;1° DOSE;5249
COLINA;1° DOSE;14600
CLEMENTINA;1° DOSE;5714
CHAVANTES;1° DOSE;9611
CHARQUEADA;1° DOSE;13001
CESÁRIO LANGE;1° DOSE;14239
CERQUILHO;1° DOSE;37160
CERQUEIRA CÉSAR;1° DOSE;17961
CEDRAL;1° DOSE;8076
CATIGUÁ;1° DOSE;5996
CATANDUVA;1° DOSE;95174
CASTILHO;1° DOSE;15505
CÁSSIA DOS COQUEIROS;1° DOSE;2250
CASA BRANCA;1° DOSE;23130
CARDOSO;1° DOSE;9647
CARAPICUÍBA;1° DOSE;307811
CARAGUATATUBA;1° DOSE;93458
CAPIVARI;1° DOSE;40818
CAPELA DO ALTO;1° DOSE;18704
CAPÃO BONITO;1° DOSE;36879
CANITAR;1° DOSE;4085
CÂNDIDO RODRIGUES;1° DOSE;2403
CÂNDIDO MOTA;1° DOSE;23478
CANAS;1° DOSE;3630
CANANÉIA;1° DOSE;9980
CAMPOS NOVOS PAULISTA;1° DOSE;3825
CAMPOS DO JORDÃO;1° DOSE;40226
CAMPO LIMPO PAULISTA;1° DOSE;59404
CAMPINAS;1° DOSE;899349
CAMPINA DO MONTE ALEGRE;1° DOSE;5085
CAJURU;1° DOSE;19360
CAJOBI;1° DOSE;7713
CAJATI;1° DOSE;22563
CAJAMAR;1° DOSE;69496
CAIUÁ;1° DOSE;6257
CAIEIRAS;1° DOSE;73578
CAIABU;1° DOSE;3094
CAFELÂNDIA;1° DOSE;12983
CACONDE;1° DOSE;14644
CACHOEIRA PAULISTA;1° DOSE;24166
CAÇAPAVA;1° DOSE;70652
CABREÚVA;1° DOSE;39932
CABRÁLIA PAULISTA;1° DOSE;3396
BURITIZAL;1° DOSE;3444
BURITAMA;1° DOSE;13685
BURI;1° DOSE;15777
BROTAS;1° DOSE;19454
BRODOWSKI;1° DOSE;19486
BREJO ALEGRE;1° DOSE;2038
BRAÚNA;1° DOSE;4349
BRAGANÇA PAULISTA;1° DOSE;141647
BOTUCATU;1° DOSE;136144
BOREBI;1° DOSE;1993
BORBOREMA;1° DOSE;12238
BORACÉIA;1° DOSE;3735
BORÁ;1° DOSE;826
BOM SUCESSO DE ITARARÉ;1° DOSE;2969
BOM JESUS DOS PERDÕES;1° DOSE;19114
BOITUVA;1° DOSE;45562
BOFETE;1° DOSE;8611
BOCAINA;1° DOSE;9087
BOA ESPERANÇA DO SUL;1° DOSE;10738
BIRITIBA MIRIM;1° DOSE;23289
BIRIGUI;1° DOSE;91885
BILAC;1° DOSE;6166
BERTIOGA;1° DOSE;51259
BERNARDINO DE CAMPOS;1° DOSE;10208
BENTO DE ABREU;1° DOSE;2061
BEBEDOURO;1° DOSE;60661
BAURU;1° DOSE;296885
BATATAIS;1° DOSE;47510
BASTOS;1° DOSE;17707
BARUERI;1° DOSE;209433
BARRINHA;1° DOSE;23743
BARRETOS;1° DOSE;99332
BARRA DO TURVO;1° DOSE;5950
BARRA DO CHAPÉU;1° DOSE;4193
BARRA BONITA;1° DOSE;28999
BARIRI;1° DOSE;25285
BARBOSA;1° DOSE;5127
BARÃO DE ANTONINA;1° DOSE;2873
BANANAL;1° DOSE;8395
BÁLSAMO;1° DOSE;7133
BALBINOS;1° DOSE;4527
BADY BASSITT;1° DOSE;14504
AVARÉ;1° DOSE;75238
AVANHANDAVA;1° DOSE;9537
AVAÍ;1° DOSE;4173
AURIFLAMA;1° DOSE;10927
ATIBAIA;1° DOSE;115343
ASSIS;1° DOSE;81542
ASPÁSIA;1° DOSE;1598
ARUJÁ;1° DOSE;67964
ARTUR NOGUEIRA;1° DOSE;40782
ARIRANHA;1° DOSE;6597
AREIÓPOLIS;1° DOSE;7700
AREIAS;1° DOSE;3040
AREALVA;1° DOSE;6930
ARCO-ÍRIS;1° DOSE;1681
ARARAS;1° DOSE;106153
ARARAQUARA;1° DOSE;192386
ARAPEÍ;1° DOSE;2006
ARANDU;1° DOSE;5121
ARAMINA;1° DOSE;4341
ARAÇOIABA DA SERRA;1° DOSE;25423
ARAÇATUBA;1° DOSE;158083
ARAÇARIGUAMA;1° DOSE;15925
APIAÍ;1° DOSE;19062
APARECIDA D'OESTE;1° DOSE;3643
APARECIDA;1° DOSE;27331
ANHUMAS;1° DOSE;3184
ANHEMBI;1° DOSE;5000
ANGATUBA;1° DOSE;18627
ANDRADINA;1° DOSE;45630
ANALÂNDIA;1° DOSE;3598
AMPARO;1° DOSE;58989
AMÉRICO DE CAMPOS;1° DOSE;4802
AMÉRICO BRASILIENSE;1° DOSE;27793
AMERICANA;1° DOSE;187818
ALVINLÂNDIA;1° DOSE;2458
ÁLVARO DE CARVALHO;1° DOSE;5289
ÁLVARES MACHADO;1° DOSE;19412
ÁLVARES FLORENCE;1° DOSE;3266
ALUMÍNIO;1° DOSE;12647
ALTO ALEGRE;1° DOSE;3326
ALTINÓPOLIS;1° DOSE;13345
ALTAIR;1° DOSE;2849
ALFREDO MARCONDES;1° DOSE;3794
ALAMBARI;1° DOSE;4572
AGUDOS;1° DOSE;30284
ÁGUAS DE SÃO PEDRO;1° DOSE;3349
ÁGUAS DE SANTA BÁRBARA;1° DOSE;5005
ÁGUAS DE LINDÓIA;1° DOSE;15929
ÁGUAS DA PRATA;1° DOSE;6480
AGUAÍ;1° DOSE;26272
ADOLFO;1° DOSE;3551
ADAMANTINA;1° DOSE;29171
