Município;Dose;Total Doses Aplicadas
ZACARIAS;UNICA;69
VOTUPORANGA;UNICA;2314
VOTORANTIM;UNICA;3252
VITÓRIA BRASIL;UNICA;37
VISTA ALEGRE DO ALTO;UNICA;254
VIRADOURO;UNICA;457
VINHEDO;UNICA;2286
VERA CRUZ;UNICA;181
VÁRZEA PAULISTA;UNICA;3590
VARGEM GRANDE PAULISTA;UNICA;1343
VARGEM GRANDE DO SUL;UNICA;1018
VARGEM;UNICA;261
VALPARAÍSO;UNICA;609
VALINHOS;UNICA;3342
VALENTIM GENTIL;UNICA;405
URUPÊS;UNICA;351
URU;UNICA;26
URÂNIA;UNICA;232
UNIÃO PAULISTA;UNICA;36
UCHOA;UNICA;231
UBIRAJARA;UNICA;104
UBATUBA;UNICA;2140
UBARANA;UNICA;160
TURMALINA;UNICA;23
TURIÚBA;UNICA;39
TUPI PAULISTA;UNICA;325
TUPÃ;UNICA;1383
TUIUTI;UNICA;180
TRÊS FRONTEIRAS;UNICA;134
TREMEMBÉ;UNICA;1222
TRABIJU;UNICA;35
TORRINHA;UNICA;256
TORRE DE PEDRA;UNICA;50
TIMBURI;UNICA;39
TIETÊ;UNICA;1123
TERRA ROXA;UNICA;245
TEODORO SAMPAIO;UNICA;574
TEJUPÁ;UNICA;90
TAUBATÉ;UNICA;7748
TATUÍ;UNICA;3091
TARUMÃ;UNICA;410
TARABAI;UNICA;204
TAQUARIVAÍ;UNICA;122
TAQUARITUBA;UNICA;495
TAQUARITINGA;UNICA;1299
TAQUARAL;UNICA;59
TAPIRATIBA;UNICA;283
TAPIRAÍ;UNICA;151
TANABI;UNICA;625
TAMBAÚ;UNICA;572
TAIÚVA;UNICA;158
TAIAÇU;UNICA;150
TAGUAÍ;UNICA;343
TACIBA;UNICA;156
TABOÃO DA SERRA;UNICA;7654
TABATINGA;UNICA;520
TABAPUÃ;UNICA;268
SUZANO;UNICA;7560
SUZANÁPOLIS;UNICA;65
SUMARÉ;UNICA;7988
SUD MENNUCCI;UNICA;196
SOROCABA;UNICA;15861
SOCORRO;UNICA;983
SILVEIRAS;UNICA;162
SEVERÍNIA;UNICA;509
SETE BARRAS;UNICA;258
SERTÃOZINHO;UNICA;3543
SERRA NEGRA;UNICA;637
SERRA AZUL;UNICA;156
SEBASTIANÓPOLIS DO SUL;UNICA;82
SARUTAIÁ;UNICA;66
SARAPUÍ;UNICA;261
SÃO VICENTE;UNICA;7583
SÃO SIMÃO;UNICA;355
SÃO SEBASTIÃO DA GRAMA;UNICA;295
SÃO SEBASTIÃO;UNICA;2349
SÃO ROQUE;UNICA;2034
SÃO PEDRO DO TURVO;UNICA;160
SÃO PEDRO;UNICA;785
SÃO PAULO;UNICA;324773
SÃO MIGUEL ARCANJO;UNICA;836
SÃO MANUEL;UNICA;1036
SÃO LUIZ DO PARAITINGA;UNICA;240
SÃO LOURENÇO DA SERRA;UNICA;369
SÃO JOSÉ DOS CAMPOS;UNICA;15954
SÃO JOSÉ DO RIO PRETO;UNICA;11551
SÃO JOSÉ DO RIO PARDO;UNICA;1256
SÃO JOSÉ DO BARREIRO;UNICA;88
SÃO JOSÉ DA BELA VISTA;UNICA;228
SÃO JOAQUIM DA BARRA;UNICA;1437
SÃO JOÃO DO PAU D'ALHO;UNICA;30
SÃO JOÃO DE IRACEMA;UNICA;35
SÃO JOÃO DAS DUAS PONTES;UNICA;60
SÃO JOÃO DA BOA VISTA;UNICA;2116
SÃO FRANCISCO;UNICA;43
SÃO CARLOS;UNICA;6784
SÃO CAETANO DO SUL;UNICA;3584
SÃO BERNARDO DO CAMPO;UNICA;21026
SÃO BENTO DO SAPUCAÍ;UNICA;239
SANTOS;UNICA;7965
SANTÓPOLIS DO AGUAPEÍ;UNICA;162
SANTO EXPEDITO;UNICA;60
SANTO ANTÔNIO DO PINHAL;UNICA;148
SANTO ANTÔNIO DO JARDIM;UNICA;192
SANTO ANTÔNIO DO ARACANGUÁ;UNICA;235
SANTO ANTÔNIO DE POSSE;UNICA;648
SANTO ANTÔNIO DA ALEGRIA;UNICA;155
SANTO ANDRÉ;UNICA;15772
SANTO ANASTÁCIO;UNICA;507
SANTANA DE PARNAÍBA;UNICA;3748
SANTANA DA PONTE PENSA;UNICA;32
SANTA SALETE;UNICA;30
SANTA ROSA DE VITERBO;UNICA;666
SANTA RITA DO PASSA QUATRO;UNICA;548
SANTA RITA D'OESTE;UNICA;58
SANTA MERCEDES;UNICA;53
SANTA MARIA DA SERRA;UNICA;173
SANTA LÚCIA;UNICA;239
SANTA ISABEL;UNICA;1152
SANTA GERTRUDES;UNICA;628
SANTA FÉ DO SUL;UNICA;702
SANTA ERNESTINA;UNICA;164
SANTA CRUZ DO RIO PARDO;UNICA;978
SANTA CRUZ DAS PALMEIRAS;UNICA;984
SANTA CRUZ DA ESPERANÇA;UNICA;40
SANTA CRUZ DA CONCEIÇÃO;UNICA;111
SANTA CLARA D'OESTE;UNICA;32
SANTA BRANCA;UNICA;349
SANTA BÁRBARA D'OESTE;UNICA;5364
SANTA ALBERTINA;UNICA;125
SANTA ADÉLIA;UNICA;423
SANDOVALINA;UNICA;79
SALTO GRANDE;UNICA;214
SALTO DE PIRAPORA;UNICA;1116
SALTO;UNICA;3112
SALTINHO;UNICA;262
SALMOURÃO;UNICA;131
SALESÓPOLIS;UNICA;459
SALES OLIVEIRA;UNICA;286
SALES;UNICA;145
SAGRES;UNICA;44
SABINO;UNICA;129
RUBINÉIA;UNICA;60
RUBIÁCEA;UNICA;49
ROSEIRA;UNICA;328
ROSANA;UNICA;372
RIVERSUL;UNICA;115
RIOLÂNDIA;UNICA;263
RIO GRANDE DA SERRA;UNICA;1301
RIO DAS PEDRAS;UNICA;973
RIO CLARO;UNICA;5018
RINÓPOLIS;UNICA;263
RINCÃO;UNICA;291
RIFAINA;UNICA;89
RIBEIRÃO PRETO;UNICA;18992
RIBEIRÃO PIRES;UNICA;3340
RIBEIRÃO GRANDE;UNICA;171
RIBEIRÃO DOS ÍNDIOS;UNICA;44
RIBEIRÃO DO SUL;UNICA;80
RIBEIRÃO CORRENTE;UNICA;132
RIBEIRÃO BRANCO;UNICA;376
RIBEIRÃO BONITO;UNICA;320
RIBEIRA;UNICA;58
RESTINGA;UNICA;168
REGISTRO;UNICA;1078
REGINÓPOLIS;UNICA;72
REGENTE FEIJÓ;UNICA;474
REDENÇÃO DA SERRA;UNICA;86
RANCHARIA;UNICA;706
RAFARD;UNICA;246
QUINTANA;UNICA;149
QUELUZ;UNICA;294
QUEIROZ;UNICA;85
QUATÁ;UNICA;340
QUADRA;UNICA;114
PROMISSÃO;UNICA;1055
PRESIDENTE VENCESLAU;UNICA;947
PRESIDENTE PRUDENTE;UNICA;5199
PRESIDENTE EPITÁCIO;UNICA;916
PRESIDENTE BERNARDES;UNICA;237
PRESIDENTE ALVES;UNICA;102
PRATÂNIA;UNICA;128
PRAIA GRANDE;UNICA;8147
PRADÓPOLIS;UNICA;682
PRACINHA;UNICA;10
POTIRENDABA;UNICA;480
POTIM;UNICA;513
PORTO FERREIRA;UNICA;1388
PORTO FELIZ;UNICA;1343
PORANGABA;UNICA;224
POPULINA;UNICA;84
PONTES GESTAL;UNICA;61
PONTALINDA;UNICA;107
PONTAL;UNICA;1600
PONGAÍ;UNICA;81
POMPÉIA;UNICA;533
POLONI;UNICA;152
POÁ;UNICA;2941
PLATINA;UNICA;77
PLANALTO;UNICA;130
PITANGUEIRAS;UNICA;1155
PIRATININGA;UNICA;340
PIRASSUNUNGA;UNICA;1709
PIRAPOZINHO;UNICA;563
PIRAPORA DO BOM JESUS;UNICA;444
PIRANGI;UNICA;269
PIRAJUÍ;UNICA;325
PIRAJU;UNICA;561
PIRACICABA;UNICA;10727
PIRACAIA;UNICA;696
PIQUETE;UNICA;335
PIQUEROBI;UNICA;54
PINHALZINHO;UNICA;401
PINDORAMA;UNICA;426
PINDAMONHANGABA;UNICA;4434
PILAR DO SUL;UNICA;681
PIEDADE;UNICA;1563
PIACATU;UNICA;132
PERUÍBE;UNICA;1348
PEREIRAS;UNICA;220
PEREIRA BARRETO;UNICA;576
PENÁPOLIS;UNICA;1322
PEDRO DE TOLEDO;UNICA;191
PEDRINHAS PAULISTA;UNICA;55
PEDREIRA;UNICA;1342
PEDREGULHO;UNICA;384
PEDRANÓPOLIS;UNICA;56
PEDRA BELA;UNICA;165
PEDERNEIRAS;UNICA;1202
PAULO DE FARIA;UNICA;185
PAULISTÂNIA;UNICA;38
PAULÍNIA;UNICA;2938
PAULICÉIA;UNICA;205
PATROCÍNIO PAULISTA;UNICA;326
PARISI;UNICA;45
PARIQUERA-AÇU;UNICA;379
PARDINHO;UNICA;154
PARAPUÃ;UNICA;235
PARANAPUÃ;UNICA;91
PARANAPANEMA;UNICA;520
PARAÍSO;UNICA;164
PARAIBUNA;UNICA;421
PARAGUAÇU PAULISTA;UNICA;1047
PANORAMA;UNICA;274
PALMITAL;UNICA;474
PALMEIRA D'OESTE;UNICA;193
PALMARES PAULISTA;UNICA;452
PALESTINA;UNICA;347
PACAEMBU;UNICA;291
OUROESTE;UNICA;259
OURO VERDE;UNICA;170
OURINHOS;UNICA;2116
OSVALDO CRUZ;UNICA;721
OSCAR BRESSANE;UNICA;46
OSASCO;UNICA;18645
ORLÂNDIA;UNICA;1137
ORINDIÚVA;UNICA;195
ORIENTE;UNICA;167
ONDA VERDE;UNICA;103
OLÍMPIA;UNICA;1383
ÓLEO;UNICA;54
OCAUÇU;UNICA;102
NUPORANGA;UNICA;171
NOVO HORIZONTE;UNICA;1043
NOVAIS;UNICA;142
NOVA ODESSA;UNICA;1776
NOVA LUZITÂNIA;UNICA;126
NOVA INDEPENDÊNCIA;UNICA;88
NOVA GUATAPORANGA;UNICA;35
NOVA GRANADA;UNICA;557
NOVA EUROPA;UNICA;299
NOVA CASTILHO;UNICA;20
NOVA CANAÃ PAULISTA;UNICA;25
NOVA CAMPINA;UNICA;226
NOVA ALIANÇA;UNICA;165
NIPOÃ;UNICA;155
NHANDEARA;UNICA;240
NEVES PAULISTA;UNICA;228
NAZARÉ PAULISTA;UNICA;457
NATIVIDADE DA SERRA;UNICA;148
NARANDIBA;UNICA;123
NANTES;UNICA;59
MURUTINGA DO SUL;UNICA;91
MOTUCA;UNICA;123
MORUNGABA;UNICA;353
MORRO AGUDO;UNICA;906
MONTEIRO LOBATO;UNICA;89
MONTE MOR;UNICA;1841
MONTE CASTELO;UNICA;88
MONTE AZUL PAULISTA;UNICA;338
MONTE APRAZÍVEL;UNICA;672
MONTE ALTO;UNICA;1160
MONTE ALEGRE DO SUL;UNICA;189
MONGAGUÁ;UNICA;1181
MONÇÕES;UNICA;50
MOMBUCA;UNICA;71
MOGI MIRIM;UNICA;2424
MOGI GUAÇU;UNICA;3989
MOGI DAS CRUZES;UNICA;10076
MOCOCA;UNICA;1662
MIRASSOLÂNDIA;UNICA;120
MIRASSOL;UNICA;1690
MIRANTE DO PARANAPANEMA;UNICA;361
MIRANDÓPOLIS;UNICA;525
MIRACATU;UNICA;404
MIRA ESTRELA;UNICA;53
MINEIROS DO TIETÊ;UNICA;310
MIGUELÓPOLIS;UNICA;631
MESÓPOLIS;UNICA;37
MERIDIANO;UNICA;90
MENDONÇA;UNICA;120
MAUÁ;UNICA;12836
MATÃO;UNICA;2231
MARTINÓPOLIS;UNICA;548
MARINÓPOLIS;UNICA;40
MARÍLIA;UNICA;4455
MARIÁPOLIS;UNICA;109
MARAPOAMA;UNICA;71
MARACAÍ;UNICA;283
MARABÁ PAULISTA;UNICA;59
MANDURI;UNICA;246
MAIRIPORÃ;UNICA;2423
MAIRINQUE;UNICA;1205
MAGDA;UNICA;65
MACEDÔNIA;UNICA;80
MACAUBAL;UNICA;206
MACATUBA;UNICA;437
LUTÉCIA;UNICA;55
LUPÉRCIO;UNICA;107
LUIZIÂNIA;UNICA;120
LUÍS ANTÔNIO;UNICA;438
LUCIANÓPOLIS;UNICA;44
LUCÉLIA;UNICA;583
LOUVEIRA;UNICA;1633
LOURDES;UNICA;47
LORENA;UNICA;2044
LINS;UNICA;1744
LINDÓIA;UNICA;224
LIMEIRA;UNICA;8509
LENÇÓIS PAULISTA;UNICA;1864
LEME;UNICA;2690
LAVRINHAS;UNICA;186
LAVÍNIA;UNICA;117
LARANJAL PAULISTA;UNICA;636
LAGOINHA;UNICA;88
JUQUITIBA;UNICA;711
JUQUIÁ;UNICA;395
JUNQUEIRÓPOLIS;UNICA;409
JUNDIAÍ;UNICA;11228
JUMIRIM;UNICA;98
JÚLIO MESQUITA;UNICA;118
JOSÉ BONIFÁCIO;UNICA;1011
JOÃO RAMALHO;UNICA;119
JOANÓPOLIS;UNICA;391
JERIQUARA;UNICA;71
JAÚ;UNICA;3653
JARINU;UNICA;874
JARDINÓPOLIS;UNICA;1174
JANDIRA;UNICA;3364
JAMBEIRO;UNICA;185
JALES;UNICA;946
JAGUARIÚNA;UNICA;1658
JACUPIRANGA;UNICA;379
JACI;UNICA;187
JACAREÍ;UNICA;5553
JABOTICABAL;UNICA;1766
JABORANDI;UNICA;163
ITUVERAVA;UNICA;1075
ITUPEVA;UNICA;1902
ITU;UNICA;5152
ITOBI;UNICA;204
ITIRAPUÃ;UNICA;162
ITIRAPINA;UNICA;406
ITATINGA;UNICA;528
ITATIBA;UNICA;3343
ITARIRI;UNICA;401
ITARARÉ;UNICA;1115
ITAQUAQUECETUBA;UNICA;9733
ITAPURA;UNICA;75
ITAPUÍ;UNICA;360
ITAPORANGA;UNICA;314
ITÁPOLIS;UNICA;1041
ITAPIRAPUÃ PAULISTA;UNICA;85
ITAPIRA;UNICA;1840
ITAPEVI;UNICA;6655
ITAPEVA;UNICA;2041
ITAPETININGA;UNICA;2946
ITAPECERICA DA SERRA;UNICA;4147
ITAOCA;UNICA;49
ITANHAÉM;UNICA;2131
ITAJU;UNICA;98
ITAJOBI;UNICA;360
ITAÍ;UNICA;689
ITABERÁ;UNICA;362
IRAPURU;UNICA;79
IRAPUÃ;UNICA;209
IRACEMÁPOLIS;UNICA;696
IPUÃ;UNICA;443
IPORANGA;UNICA;31
IPIGUÁ;UNICA;120
IPEÚNA;UNICA;179
IPERÓ;UNICA;980
IPAUSSU;UNICA;367
INÚBIA PAULISTA;UNICA;90
INDIAPORÃ;UNICA;82
INDIANA;UNICA;112
INDAIATUBA;UNICA;6873
ILHABELA;UNICA;860
ILHA SOLTEIRA;UNICA;502
ILHA COMPRIDA;UNICA;195
IGUAPE;UNICA;600
IGARATÁ;UNICA;215
IGARAPAVA;UNICA;768
IGARAÇU DO TIETÊ;UNICA;694
IEPÊ;UNICA;184
ICÉM;UNICA;235
IBIÚNA;UNICA;2091
IBITINGA;UNICA;1663
IBIRAREMA;UNICA;159
IBIRÁ;UNICA;341
IBATÉ;UNICA;1020
IARAS;UNICA;191
IACRI;UNICA;143
IACANGA;UNICA;362
HORTOLÂNDIA;UNICA;6739
HOLAMBRA;UNICA;413
HERCULÂNDIA;UNICA;226
GUZOLÂNDIA;UNICA;115
GUATAPARÁ;UNICA;210
GUARULHOS;UNICA;37356
GUARUJÁ;UNICA;8356
GUARIBA;UNICA;1159
GUAREÍ;UNICA;432
GUARATINGUETÁ;UNICA;3080
GUARAREMA;UNICA;848
GUARARAPES;UNICA;825
GUARANTÃ;UNICA;182
GUARANI D'OESTE;UNICA;30
GUARACI;UNICA;317
GUARAÇAÍ;UNICA;194
GUARÁ;UNICA;508
GUAPIARA;UNICA;392
GUAPIAÇU;UNICA;554
GUAÍRA;UNICA;1031
GUAIMBÊ;UNICA;130
GUAIÇARA;UNICA;319
GLICÉRIO;UNICA;125
GETULINA;UNICA;255
GENERAL SALGADO;UNICA;236
GAVIÃO PEIXOTO;UNICA;127
GASTÃO VIDIGAL;UNICA;151
GARÇA;UNICA;991
GÁLIA;UNICA;134
GABRIEL MONTEIRO;UNICA;62
FRANCO DA ROCHA;UNICA;6980
FRANCISCO MORATO;UNICA;4484
FRANCA;UNICA;8455
FLORÍNEA;UNICA;28
FLÓRIDA PAULISTA;UNICA;279
FLOREAL;UNICA;50
FLORA RICA;UNICA;19
FERRAZ DE VASCONCELOS;UNICA;5248
FERNÃO;UNICA;30
FERNANDÓPOLIS;UNICA;1481
FERNANDO PRESTES;UNICA;125
FARTURA;UNICA;371
EUCLIDES DA CUNHA PAULISTA;UNICA;202
ESTRELA DO NORTE;UNICA;48
ESTRELA D'OESTE;UNICA;207
ESTIVA GERBI;UNICA;319
ESPÍRITO SANTO DO TURVO;UNICA;105
ESPÍRITO SANTO DO PINHAL;UNICA;1005
ENGENHEIRO COELHO;UNICA;632
EMILIANÓPOLIS;UNICA;70
EMBU-GUAÇU;UNICA;1400
EMBU DAS ARTES;UNICA;7181
EMBAÚBA;UNICA;60
ELISIÁRIO;UNICA;100
ELIAS FAUSTO;UNICA;540
ELDORADO;UNICA;173
ECHAPORÃ;UNICA;126
DUMONT;UNICA;288
DUARTINA;UNICA;291
DRACENA;UNICA;848
DOURADO;UNICA;215
DOLCINÓPOLIS;UNICA;54
DOIS CÓRREGOS;UNICA;682
DOBRADA;UNICA;296
DIVINOLÂNDIA;UNICA;227
DIRCE REIS;UNICA;18
DIADEMA;UNICA;10658
DESCALVADO;UNICA;872
CUNHA;UNICA;480
CUBATÃO;UNICA;3242
CRUZEIRO;UNICA;2060
CRUZÁLIA;UNICA;32
CRISTAIS PAULISTA;UNICA;215
CRAVINHOS;UNICA;952
COTIA;UNICA;6017
COSMORAMA;UNICA;175
COSMÓPOLIS;UNICA;2061
CORUMBATAÍ;UNICA;87
CORONEL MACEDO;UNICA;103
COROADOS;UNICA;147
CORDEIRÓPOLIS;UNICA;670
CONCHAS;UNICA;378
CONCHAL;UNICA;723
COLÔMBIA;UNICA;160
COLINA;UNICA;464
CLEMENTINA;UNICA;264
CHAVANTES;UNICA;315
CHARQUEADA;UNICA;489
CESÁRIO LANGE;UNICA;500
CERQUILHO;UNICA;1340
CERQUEIRA CÉSAR;UNICA;400
CEDRAL;UNICA;214
CATIGUÁ;UNICA;188
CATANDUVA;UNICA;2860
CASTILHO;UNICA;547
CÁSSIA DOS COQUEIROS;UNICA;52
CASA BRANCA;UNICA;770
CARDOSO;UNICA;267
CARAPICUÍBA;UNICA;10634
CARAGUATATUBA;UNICA;2865
CAPIVARI;UNICA;1467
CAPELA DO ALTO;UNICA;560
CAPÃO BONITO;UNICA;1042
CANITAR;UNICA;141
CÂNDIDO RODRIGUES;UNICA;56
CÂNDIDO MOTA;UNICA;644
CANAS;UNICA;130
CANANÉIA;UNICA;251
CAMPOS NOVOS PAULISTA;UNICA;110
CAMPOS DO JORDÃO;UNICA;1306
CAMPO LIMPO PAULISTA;UNICA;2258
CAMPINAS;UNICA;30834
CAMPINA DO MONTE ALEGRE;UNICA;128
CAJURU;UNICA;574
CAJOBI;UNICA;272
CAJATI;UNICA;704
CAJAMAR;UNICA;2331
CAIUÁ;UNICA;62
CAIEIRAS;UNICA;2828
CAIABU;UNICA;58
CAFELÂNDIA;UNICA;414
CACONDE;UNICA;394
CACHOEIRA PAULISTA;UNICA;852
CAÇAPAVA;UNICA;2410
CABREÚVA;UNICA;1435
CABRÁLIA PAULISTA;UNICA;102
BURITIZAL;UNICA;97
BURITAMA;UNICA;440
BURI;UNICA;472
BROTAS;UNICA;610
BRODOWSKI;UNICA;652
BREJO ALEGRE;UNICA;72
BRAÚNA;UNICA;139
BRAGANÇA PAULISTA;UNICA;4656
BOREBI;UNICA;50
BORBOREMA;UNICA;401
BORACÉIA;UNICA;103
BORÁ;UNICA;10
BOM SUCESSO DE ITARARÉ;UNICA;77
BOM JESUS DOS PERDÕES;UNICA;710
BOITUVA;UNICA;1755
BOFETE;UNICA;292
BOCAINA;UNICA;313
BOA ESPERANÇA DO SUL;UNICA;417
BIRITIBA MIRIM;UNICA;857
BIRIGUI;UNICA;3522
BILAC;UNICA;199
BERTIOGA;UNICA;1816
BERNARDINO DE CAMPOS;UNICA;204
BENTO DE ABREU;UNICA;72
BEBEDOURO;UNICA;1639
BAURU;UNICA;8517
BATATAIS;UNICA;1404
BASTOS;UNICA;476
BARUERI;UNICA;6232
BARRINHA;UNICA;883
BARRETOS;UNICA;2711
BARRA DO TURVO;UNICA;95
BARRA DO CHAPÉU;UNICA;115
BARRA BONITA;UNICA;980
BARIRI;UNICA;829
BARBOSA;UNICA;115
BARÃO DE ANTONINA;UNICA;45
BANANAL;UNICA;262
BÁLSAMO;UNICA;200
BALBINOS;UNICA;52
BADY BASSITT;UNICA;400
AVARÉ;UNICA;2117
AVANHANDAVA;UNICA;225
AVAÍ;UNICA;40
AURIFLAMA;UNICA;351
ATIBAIA;UNICA;3531
ASSIS;UNICA;2146
ASPÁSIA;UNICA;15
ARUJÁ;UNICA;2309
ARTUR NOGUEIRA;UNICA;1508
ARIRANHA;UNICA;258
AREIÓPOLIS;UNICA;311
AREIAS;UNICA;71
AREALVA;UNICA;194
ARCO-ÍRIS;UNICA;30
ARARAS;UNICA;3812
ARARAQUARA;UNICA;6064
ARAPEÍ;UNICA;59
ARANDU;UNICA;150
ARAMINA;UNICA;134
ARAÇOIABA DA SERRA;UNICA;816
ARAÇATUBA;UNICA;4809
ARAÇARIGUAMA;UNICA;587
APIAÍ;UNICA;515
APARECIDA D'OESTE;UNICA;78
APARECIDA;UNICA;927
ANHUMAS;UNICA;83
ANHEMBI;UNICA;148
ANGATUBA;UNICA;477
ANDRADINA;UNICA;1294
ANALÂNDIA;UNICA;120
AMPARO;UNICA;1758
AMÉRICO DE CAMPOS;UNICA;125
AMÉRICO BRASILIENSE;UNICA;1088
AMERICANA;UNICA;6210
ALVINLÂNDIA;UNICA;68
ÁLVARO DE CARVALHO;UNICA;107
ÁLVARES MACHADO;UNICA;600
ÁLVARES FLORENCE;UNICA;80
ALUMÍNIO;UNICA;508
ALTO ALEGRE;UNICA;100
ALTINÓPOLIS;UNICA;384
ALTAIR;UNICA;115
ALFREDO MARCONDES;UNICA;83
ALAMBARI;UNICA;171
AGUDOS;UNICA;873
ÁGUAS DE SÃO PEDRO;UNICA;58
ÁGUAS DE SANTA BÁRBARA;UNICA;136
ÁGUAS DE LINDÓIA;UNICA;463
ÁGUAS DA PRATA;UNICA;193
AGUAÍ;UNICA;1042
ADOLFO;UNICA;77
ADAMANTINA;UNICA;878
ZACARIAS;3º DOSE;24
VOTUPORANGA;3º DOSE;3517
VOTORANTIM;3º DOSE;1974
VITÓRIA BRASIL;3º DOSE;21
VISTA ALEGRE DO ALTO;3º DOSE;266
VIRADOURO;3º DOSE;399
VINHEDO;3º DOSE;1106
VERA CRUZ;3º DOSE;327
VÁRZEA PAULISTA;3º DOSE;835
VARGEM GRANDE PAULISTA;3º DOSE;729
VARGEM GRANDE DO SUL;3º DOSE;1912
VARGEM;3º DOSE;351
VALPARAÍSO;3º DOSE;508
VALINHOS;3º DOSE;3630
VALENTIM GENTIL;3º DOSE;299
URUPÊS;3º DOSE;500
URU;3º DOSE;89
URÂNIA;3º DOSE;441
UNIÃO PAULISTA;3º DOSE;64
UCHOA;3º DOSE;416
UBIRAJARA;3º DOSE;127
UBATUBA;3º DOSE;1097
UBARANA;3º DOSE;143
TURMALINA;3º DOSE;181
TURIÚBA;3º DOSE;77
TUPI PAULISTA;3º DOSE;660
TUPÃ;3º DOSE;2873
TUIUTI;3º DOSE;131
TRÊS FRONTEIRAS;3º DOSE;306
TREMEMBÉ;3º DOSE;1510
TRABIJU;3º DOSE;54
TORRINHA;3º DOSE;342
TORRE DE PEDRA;3º DOSE;103
TIMBURI;3º DOSE;171
TIETÊ;3º DOSE;925
TERRA ROXA;3º DOSE;296
TEODORO SAMPAIO;3º DOSE;260
TEJUPÁ;3º DOSE;55
TAUBATÉ;3º DOSE;4556
TATUÍ;3º DOSE;1413
TARUMÃ;3º DOSE;386
TARABAI;3º DOSE;204
TAQUARIVAÍ;3º DOSE;18
TAQUARITUBA;3º DOSE;632
TAQUARITINGA;3º DOSE;2038
TAQUARAL;3º DOSE;53
TAPIRATIBA;3º DOSE;225
TAPIRAÍ;3º DOSE;169
TANABI;3º DOSE;1083
TAMBAÚ;3º DOSE;580
TAIÚVA;3º DOSE;326
TAIAÇU;3º DOSE;356
TAGUAÍ;3º DOSE;305
TACIBA;3º DOSE;101
TABOÃO DA SERRA;3º DOSE;4581
TABATINGA;3º DOSE;367
TABAPUÃ;3º DOSE;615
SUZANO;3º DOSE;3873
SUZANÁPOLIS;3º DOSE;83
SUMARÉ;3º DOSE;2659
SUD MENNUCCI;3º DOSE;366
SOROCABA;3º DOSE;5370
SOCORRO;3º DOSE;910
SILVEIRAS;3º DOSE;299
SEVERÍNIA;3º DOSE;215
SETE BARRAS;3º DOSE;219
SERTÃOZINHO;3º DOSE;3050
SERRANA;3º DOSE;3881
SERRA NEGRA;3º DOSE;606
SERRA AZUL;3º DOSE;368
SEBASTIANÓPOLIS DO SUL;3º DOSE;228
SARUTAIÁ;3º DOSE;159
SARAPUÍ;3º DOSE;96
SÃO VICENTE;3º DOSE;6871
SÃO SIMÃO;3º DOSE;552
SÃO SEBASTIÃO DA GRAMA;3º DOSE;315
SÃO SEBASTIÃO;3º DOSE;933
SÃO ROQUE;3º DOSE;2033
SÃO PEDRO DO TURVO;3º DOSE;221
SÃO PEDRO;3º DOSE;4
SÃO PAULO;3º DOSE;359485
SÃO MIGUEL ARCANJO;3º DOSE;432
SÃO MANUEL;3º DOSE;817
SÃO LUIZ DO PARAITINGA;3º DOSE;439
SÃO LOURENÇO DA SERRA;3º DOSE;169
SÃO JOSÉ DOS CAMPOS;3º DOSE;15641
SÃO JOSÉ DO RIO PRETO;3º DOSE;19413
SÃO JOSÉ DO RIO PARDO;3º DOSE;2773
SÃO JOSÉ DO BARREIRO;3º DOSE;153
SÃO JOSÉ DA BELA VISTA;3º DOSE;194
SÃO JOAQUIM DA BARRA;3º DOSE;1448
SÃO JOÃO DO PAU D'ALHO;3º DOSE;141
SÃO JOÃO DE IRACEMA;3º DOSE;109
SÃO JOÃO DAS DUAS PONTES;3º DOSE;133
SÃO JOÃO DA BOA VISTA;3º DOSE;3708
SÃO FRANCISCO;3º DOSE;259
SÃO CARLOS;3º DOSE;6909
SÃO CAETANO DO SUL;3º DOSE;9114
SÃO BERNARDO DO CAMPO;3º DOSE;27008
SÃO BENTO DO SAPUCAÍ;3º DOSE;283
SANTOS;3º DOSE;13247
SANTÓPOLIS DO AGUAPEÍ;3º DOSE;169
SANTO EXPEDITO;3º DOSE;152
SANTO ANTÔNIO DO PINHAL;3º DOSE;191
SANTO ANTÔNIO DO JARDIM;3º DOSE;162
SANTO ANTÔNIO DO ARACANGUÁ;3º DOSE;221
SANTO ANTÔNIO DE POSSE;3º DOSE;433
SANTO ANTÔNIO DA ALEGRIA;3º DOSE;294
SANTO ANDRÉ;3º DOSE;3600
SANTO ANASTÁCIO;3º DOSE;671
SANTANA DE PARNAÍBA;3º DOSE;2777
SANTANA DA PONTE PENSA;3º DOSE;101
SANTA SALETE;3º DOSE;118
SANTA ROSA DE VITERBO;3º DOSE;796
SANTA RITA DO PASSA QUATRO;3º DOSE;1186
SANTA RITA D'OESTE;3º DOSE;141
SANTA MERCEDES;3º DOSE;87
SANTA MARIA DA SERRA;3º DOSE;103
SANTA LÚCIA;3º DOSE;131
SANTA ISABEL;3º DOSE;1080
SANTA GERTRUDES;3º DOSE;513
SANTA FÉ DO SUL;3º DOSE;1173
SANTA ERNESTINA;3º DOSE;124
SANTA CRUZ DO RIO PARDO;3º DOSE;1884
SANTA CRUZ DAS PALMEIRAS;3º DOSE;502
SANTA CRUZ DA ESPERANÇA;3º DOSE;96
SANTA CRUZ DA CONCEIÇÃO;3º DOSE;446
SANTA CLARA D'OESTE;3º DOSE;100
SANTA BRANCA;3º DOSE;269
SANTA BÁRBARA D'OESTE;3º DOSE;2895
SANTA ALBERTINA;3º DOSE;204
SANTA ADÉLIA;3º DOSE;505
SANDOVALINA;3º DOSE;95
SALTO GRANDE;3º DOSE;219
SALTO DE PIRAPORA;3º DOSE;907
SALTO;3º DOSE;2574
SALTINHO;3º DOSE;152
SALMOURÃO;3º DOSE;209
SALESÓPOLIS;3º DOSE;433
SALES OLIVEIRA;3º DOSE;298
SALES;3º DOSE;255
SAGRES;3º DOSE;49
SABINO;3º DOSE;120
RUBINÉIA;3º DOSE;110
RUBIÁCEA;3º DOSE;123
ROSEIRA;3º DOSE;217
ROSANA;3º DOSE;533
RIVERSUL;3º DOSE;179
RIOLÂNDIA;3º DOSE;80
RIO GRANDE DA SERRA;3º DOSE;204
RIO DAS PEDRAS;3º DOSE;508
RIO CLARO;3º DOSE;6008
RINÓPOLIS;3º DOSE;292
RINCÃO;3º DOSE;265
RIFAINA;3º DOSE;96
RIBEIRÃO PRETO;3º DOSE;10921
RIBEIRÃO PIRES;3º DOSE;2507
RIBEIRÃO GRANDE;3º DOSE;115
RIBEIRÃO DOS ÍNDIOS;3º DOSE;198
RIBEIRÃO DO SUL;3º DOSE;265
RIBEIRÃO CORRENTE;3º DOSE;93
RIBEIRÃO BRANCO;3º DOSE;192
RIBEIRÃO BONITO;3º DOSE;345
RIBEIRA;3º DOSE;54
RESTINGA;3º DOSE;158
REGISTRO;3º DOSE;1481
REGINÓPOLIS;3º DOSE;261
REGENTE FEIJÓ;3º DOSE;500
REDENÇÃO DA SERRA;3º DOSE;89
RANCHARIA;3º DOSE;744
RAFARD;3º DOSE;218
QUINTANA;3º DOSE;240
QUELUZ;3º DOSE;187
QUEIROZ;3º DOSE;88
QUATÁ;3º DOSE;483
QUADRA;3º DOSE;46
PROMISSÃO;3º DOSE;913
PRESIDENTE VENCESLAU;3º DOSE;1353
PRESIDENTE PRUDENTE;3º DOSE;5611
PRESIDENTE EPITÁCIO;3º DOSE;881
PRESIDENTE BERNARDES;3º DOSE;662
PRESIDENTE ALVES;3º DOSE;93
PRATÂNIA;3º DOSE;107
PRAIA GRANDE;3º DOSE;6920
PRADÓPOLIS;3º DOSE;263
PRACINHA;3º DOSE;89
POTIRENDABA;3º DOSE;661
POTIM;3º DOSE;390
PORTO FERREIRA;3º DOSE;1131
PORTO FELIZ;3º DOSE;774
PORANGABA;3º DOSE;237
POPULINA;3º DOSE;283
PONTES GESTAL;3º DOSE;88
PONTALINDA;3º DOSE;145
PONTAL;3º DOSE;692
PONGAÍ;3º DOSE;166
POMPÉIA;3º DOSE;593
POLONI;3º DOSE;282
POÁ;3º DOSE;2569
PLATINA;3º DOSE;115
PLANALTO;3º DOSE;108
PITANGUEIRAS;3º DOSE;1399
PIRATININGA;3º DOSE;448
PIRASSUNUNGA;3º DOSE;2391
PIRAPOZINHO;3º DOSE;450
PIRAPORA DO BOM JESUS;3º DOSE;330
PIRANGI;3º DOSE;593
PIRAJUÍ;3º DOSE;137
PIRAJU;3º DOSE;939
PIRACICABA;3º DOSE;3251
PIRACAIA;3º DOSE;642
PIQUETE;3º DOSE;290
PIQUEROBI;3º DOSE;215
PINHALZINHO;3º DOSE;279
PINDORAMA;3º DOSE;587
PINDAMONHANGABA;3º DOSE;2864
PILAR DO SUL;3º DOSE;410
PIEDADE;3º DOSE;616
PIACATU;3º DOSE;216
PERUÍBE;3º DOSE;1754
PEREIRAS;3º DOSE;208
PEREIRA BARRETO;3º DOSE;568
PENÁPOLIS;3º DOSE;1911
PEDRO DE TOLEDO;3º DOSE;261
PEDRINHAS PAULISTA;3º DOSE;168
PEDREIRA;3º DOSE;1105
PEDREGULHO;3º DOSE;617
PEDRANÓPOLIS;3º DOSE;195
PEDRA BELA;3º DOSE;155
PEDERNEIRAS;3º DOSE;857
PAULO DE FARIA;3º DOSE;421
PAULISTÂNIA;3º DOSE;105
PAULÍNIA;3º DOSE;1487
PAULICÉIA;3º DOSE;124
PATROCÍNIO PAULISTA;3º DOSE;388
PARISI;3º DOSE;210
PARIQUERA-AÇU;3º DOSE;778
PARDINHO;3º DOSE;149
PARAPUÃ;3º DOSE;488
PARANAPUÃ;3º DOSE;195
PARANAPANEMA;3º DOSE;350
PARAÍSO;3º DOSE;252
PARAIBUNA;3º DOSE;323
PARAGUAÇU PAULISTA;3º DOSE;1015
PANORAMA;3º DOSE;304
PALMITAL;3º DOSE;1054
PALMEIRA D'OESTE;3º DOSE;651
PALMARES PAULISTA;3º DOSE;194
PALESTINA;3º DOSE;304
PACAEMBU;3º DOSE;156
OUROESTE;3º DOSE;501
OURO VERDE;3º DOSE;259
OURINHOS;3º DOSE;2323
OSVALDO CRUZ;3º DOSE;1265
OSCAR BRESSANE;3º DOSE;36
OSASCO;3º DOSE;9211
ORLÂNDIA;3º DOSE;902
ORINDIÚVA;3º DOSE;219
ORIENTE;3º DOSE;152
ONDA VERDE;3º DOSE;95
OLÍMPIA;3º DOSE;1758
ÓLEO;3º DOSE;83
OCAUÇU;3º DOSE;250
NUPORANGA;3º DOSE;317
NOVO HORIZONTE;3º DOSE;1260
NOVAIS;3º DOSE;226
NOVA ODESSA;3º DOSE;649
NOVA LUZITÂNIA;3º DOSE;112
NOVA INDEPENDÊNCIA;3º DOSE;145
NOVA GUATAPORANGA;3º DOSE;77
NOVA GRANADA;3º DOSE;478
NOVA EUROPA;3º DOSE;226
NOVA CASTILHO;3º DOSE;68
NOVA CANAÃ PAULISTA;3º DOSE;156
NOVA CAMPINA;3º DOSE;139
NOVA ALIANÇA;3º DOSE;361
NIPOÃ;3º DOSE;92
NHANDEARA;3º DOSE;266
NEVES PAULISTA;3º DOSE;649
NAZARÉ PAULISTA;3º DOSE;372
NATIVIDADE DA SERRA;3º DOSE;161
NARANDIBA;3º DOSE;114
NANTES;3º DOSE;92
MURUTINGA DO SUL;3º DOSE;208
MOTUCA;3º DOSE;98
MORUNGABA;3º DOSE;235
MORRO AGUDO;3º DOSE;778
MONTEIRO LOBATO;3º DOSE;182
MONTE MOR;3º DOSE;550
MONTE CASTELO;3º DOSE;219
MONTE AZUL PAULISTA;3º DOSE;323
MONTE APRAZÍVEL;3º DOSE;725
MONTE ALTO;3º DOSE;1395
MONTE ALEGRE DO SUL;3º DOSE;247
MONGAGUÁ;3º DOSE;607
MONÇÕES;3º DOSE;163
MOMBUCA;3º DOSE;124
MOGI MIRIM;3º DOSE;2268
MOGI GUAÇU;3º DOSE;1189
MOGI DAS CRUZES;3º DOSE;6192
MOCOCA;3º DOSE;1893
MIRASSOLÂNDIA;3º DOSE;223
MIRASSOL;3º DOSE;993
MIRANTE DO PARANAPANEMA;3º DOSE;493
MIRANDÓPOLIS;3º DOSE;1020
MIRACATU;3º DOSE;364
MIRA ESTRELA;3º DOSE;300
MINEIROS DO TIETÊ;3º DOSE;305
MIGUELÓPOLIS;3º DOSE;452
MESÓPOLIS;3º DOSE;166
MERIDIANO;3º DOSE;155
MENDONÇA;3º DOSE;199
MAUÁ;3º DOSE;9540
MATÃO;3º DOSE;2101
MARTINÓPOLIS;3º DOSE;569
MARINÓPOLIS;3º DOSE;52
MARÍLIA;3º DOSE;4596
MARIÁPOLIS;3º DOSE;138
MARAPOAMA;3º DOSE;169
MARACAÍ;3º DOSE;469
MARABÁ PAULISTA;3º DOSE;45
MANDURI;3º DOSE;341
MAIRIPORÃ;3º DOSE;1940
MAIRINQUE;3º DOSE;662
MAGDA;3º DOSE;139
MACEDÔNIA;3º DOSE;161
MACAUBAL;3º DOSE;383
MACATUBA;3º DOSE;549
LUTÉCIA;3º DOSE;121
LUPÉRCIO;3º DOSE;41
LUIZIÂNIA;3º DOSE;114
LUÍS ANTÔNIO;3º DOSE;216
LUCIANÓPOLIS;3º DOSE;88
LUCÉLIA;3º DOSE;622
LOUVEIRA;3º DOSE;736
LOURDES;3º DOSE;232
LORENA;3º DOSE;1948
LINS;3º DOSE;2665
LINDÓIA;3º DOSE;151
LIMEIRA;3º DOSE;3692
LENÇÓIS PAULISTA;3º DOSE;979
LEME;3º DOSE;2342
LAVRINHAS;3º DOSE;114
LAVÍNIA;3º DOSE;195
LARANJAL PAULISTA;3º DOSE;539
LAGOINHA;3º DOSE;255
JUQUITIBA;3º DOSE;451
JUQUIÁ;3º DOSE;408
JUNQUEIRÓPOLIS;3º DOSE;627
JUNDIAÍ;3º DOSE;9410
JUMIRIM;3º DOSE;91
JÚLIO MESQUITA;3º DOSE;141
JOSÉ BONIFÁCIO;3º DOSE;1014
JOÃO RAMALHO;3º DOSE;162
JOANÓPOLIS;3º DOSE;347
JERIQUARA;3º DOSE;84
JAÚ;3º DOSE;3669
JARINU;3º DOSE;425
JARDINÓPOLIS;3º DOSE;931
JANDIRA;3º DOSE;1499
JAMBEIRO;3º DOSE;153
JALES;3º DOSE;1817
JAGUARIÚNA;3º DOSE;1285
JACUPIRANGA;3º DOSE;445
JACI;3º DOSE;249
JACAREÍ;3º DOSE;2056
JABOTICABAL;3º DOSE;2551
JABORANDI;3º DOSE;192
ITUVERAVA;3º DOSE;1036
ITUPEVA;3º DOSE;468
ITU;3º DOSE;4193
ITOBI;3º DOSE;208
ITIRAPUÃ;3º DOSE;147
ITIRAPINA;3º DOSE;278
ITATINGA;3º DOSE;371
ITATIBA;3º DOSE;3102
ITARIRI;3º DOSE;372
ITARARÉ;3º DOSE;425
ITAQUAQUECETUBA;3º DOSE;2386
ITAPURA;3º DOSE;106
ITAPUÍ;3º DOSE;368
ITAPORANGA;3º DOSE;424
ITÁPOLIS;3º DOSE;960
ITAPIRAPUÃ PAULISTA;3º DOSE;69
ITAPIRA;3º DOSE;1959
ITAPEVI;3º DOSE;1321
ITAPEVA;3º DOSE;2157
ITAPETININGA;3º DOSE;5446
ITAPECERICA DA SERRA;3º DOSE;2263
ITAOCA;3º DOSE;144
ITANHAÉM;3º DOSE;3698
ITAJU;3º DOSE;88
ITAJOBI;3º DOSE;553
ITAÍ;3º DOSE;482
ITABERÁ;3º DOSE;491
IRAPURU;3º DOSE;282
IRAPUÃ;3º DOSE;225
IRACEMÁPOLIS;3º DOSE;365
IPUÃ;3º DOSE;381
IPORANGA;3º DOSE;187
IPIGUÁ;3º DOSE;153
IPEÚNA;3º DOSE;231
IPERÓ;3º DOSE;600
IPAUSSU;3º DOSE;400
INÚBIA PAULISTA;3º DOSE;159
INDIAPORÃ;3º DOSE;217
INDIANA;3º DOSE;203
INDAIATUBA;3º DOSE;6271
ILHABELA;3º DOSE;696
ILHA SOLTEIRA;3º DOSE;972
ILHA COMPRIDA;3º DOSE;166
IGUAPE;3º DOSE;846
IGARATÁ;3º DOSE;254
IGARAPAVA;3º DOSE;600
IGARAÇU DO TIETÊ;3º DOSE;374
IEPÊ;3º DOSE;431
ICÉM;3º DOSE;219
IBIÚNA;3º DOSE;480
IBITINGA;3º DOSE;1563
IBIRAREMA;3º DOSE;349
IBIRÁ;3º DOSE;320
IBATÉ;3º DOSE;596
IARAS;3º DOSE;206
IACRI;3º DOSE;217
IACANGA;3º DOSE;343
HORTOLÂNDIA;3º DOSE;3001
HOLAMBRA;3º DOSE;304
HERCULÂNDIA;3º DOSE;255
GUZOLÂNDIA;3º DOSE;173
GUATAPARÁ;3º DOSE;248
GUARULHOS;3º DOSE;17096
GUARUJÁ;3º DOSE;6963
GUARIBA;3º DOSE;774
GUAREÍ;3º DOSE;297
GUARATINGUETÁ;3º DOSE;2986
GUARAREMA;3º DOSE;451
GUARARAPES;3º DOSE;1028
GUARANTÃ;3º DOSE;174
GUARANI D'OESTE;3º DOSE;114
GUARACI;3º DOSE;350
GUARAÇAÍ;3º DOSE;317
GUARÁ;3º DOSE;831
GUAPIARA;3º DOSE;202
GUAPIAÇU;3º DOSE;375
GUAÍRA;3º DOSE;1176
GUAIMBÊ;3º DOSE;198
GUAIÇARA;3º DOSE;184
GLICÉRIO;3º DOSE;138
GETULINA;3º DOSE;282
GENERAL SALGADO;3º DOSE;417
GAVIÃO PEIXOTO;3º DOSE;141
GASTÃO VIDIGAL;3º DOSE;166
GARÇA;3º DOSE;810
GÁLIA;3º DOSE;315
GABRIEL MONTEIRO;3º DOSE;94
FRANCO DA ROCHA;3º DOSE;2211
FRANCISCO MORATO;3º DOSE;1483
FRANCA;3º DOSE;4337
FLORÍNEA;3º DOSE;107
FLÓRIDA PAULISTA;3º DOSE;503
FLOREAL;3º DOSE;200
FLORA RICA;3º DOSE;184
FERRAZ DE VASCONCELOS;3º DOSE;3410
FERNÃO;3º DOSE;89
FERNANDÓPOLIS;3º DOSE;3488
FERNANDO PRESTES;3º DOSE;230
FARTURA;3º DOSE;331
EUCLIDES DA CUNHA PAULISTA;3º DOSE;155
ESTRELA DO NORTE;3º DOSE;91
ESTRELA D'OESTE;3º DOSE;321
ESTIVA GERBI;3º DOSE;147
ESPÍRITO SANTO DO TURVO;3º DOSE;147
ESPÍRITO SANTO DO PINHAL;3º DOSE;1665
ENGENHEIRO COELHO;3º DOSE;254
EMILIANÓPOLIS;3º DOSE;190
EMBU-GUAÇU;3º DOSE;1050
EMBU DAS ARTES;3º DOSE;2797
EMBAÚBA;3º DOSE;105
ELISIÁRIO;3º DOSE;149
ELIAS FAUSTO;3º DOSE;282
ELDORADO;3º DOSE;302
ECHAPORÃ;3º DOSE;258
DUMONT;3º DOSE;226
DUARTINA;3º DOSE;447
DRACENA;3º DOSE;1522
DOURADO;3º DOSE;260
DOLCINÓPOLIS;3º DOSE;111
DOIS CÓRREGOS;3º DOSE;892
DOBRADA;3º DOSE;109
DIVINOLÂNDIA;3º DOSE;539
DIRCE REIS;3º DOSE;49
DIADEMA;3º DOSE;5736
DESCALVADO;3º DOSE;1568
CUNHA;3º DOSE;532
CUBATÃO;3º DOSE;1254
CRUZEIRO;3º DOSE;1482
CRUZÁLIA;3º DOSE;115
CRISTAIS PAULISTA;3º DOSE;182
CRAVINHOS;3º DOSE;450
COTIA;3º DOSE;3101
COSMORAMA;3º DOSE;321
COSMÓPOLIS;3º DOSE;309
CORUMBATAÍ;3º DOSE;112
CORONEL MACEDO;3º DOSE;282
COROADOS;3º DOSE;246
CORDEIRÓPOLIS;3º DOSE;947
CONCHAS;3º DOSE;329
CONCHAL;3º DOSE;537
COLÔMBIA;3º DOSE;228
COLINA;3º DOSE;503
CLEMENTINA;3º DOSE;297
CHAVANTES;3º DOSE;390
CHARQUEADA;3º DOSE;199
CESÁRIO LANGE;3º DOSE;331
CERQUILHO;3º DOSE;1309
CERQUEIRA CÉSAR;3º DOSE;632
CEDRAL;3º DOSE;428
CATIGUÁ;3º DOSE;454
CATANDUVA;3º DOSE;4851
CASTILHO;3º DOSE;515
CÁSSIA DOS COQUEIROS;3º DOSE;148
CASA BRANCA;3º DOSE;514
CARDOSO;3º DOSE;198
CARAPICUÍBA;3º DOSE;4552
CARAGUATATUBA;3º DOSE;1993
CAPIVARI;3º DOSE;1162
CAPELA DO ALTO;3º DOSE;98
CAPÃO BONITO;3º DOSE;836
CANITAR;3º DOSE;110
CÂNDIDO RODRIGUES;3º DOSE;165
CÂNDIDO MOTA;3º DOSE;1065
CANAS;3º DOSE;116
CANANÉIA;3º DOSE;320
CAMPOS NOVOS PAULISTA;3º DOSE;119
CAMPOS DO JORDÃO;3º DOSE;1016
CAMPO LIMPO PAULISTA;3º DOSE;797
CAMPINAS;3º DOSE;21243
CAMPINA DO MONTE ALEGRE;3º DOSE;90
CAJURU;3º DOSE;1433
CAJOBI;3º DOSE;336
CAJATI;3º DOSE;505
CAJAMAR;3º DOSE;1164
CAIUÁ;3º DOSE;184
CAIEIRAS;3º DOSE;1830
CAIABU;3º DOSE;121
CAFELÂNDIA;3º DOSE;419
CACONDE;3º DOSE;575
CACHOEIRA PAULISTA;3º DOSE;959
CAÇAPAVA;3º DOSE;1355
CABREÚVA;3º DOSE;583
CABRÁLIA PAULISTA;3º DOSE;119
BURITIZAL;3º DOSE;167
BURITAMA;3º DOSE;551
BURI;3º DOSE;340
BROTAS;3º DOSE;559
BRODOWSKI;3º DOSE;817
BREJO ALEGRE;3º DOSE;57
BRAÚNA;3º DOSE;237
BRAGANÇA PAULISTA;3º DOSE;5090
BOTUCATU;3º DOSE;14048
BOREBI;3º DOSE;37
BORBOREMA;3º DOSE;491
BORACÉIA;3º DOSE;146
BORÁ;3º DOSE;55
BOM SUCESSO DE ITARARÉ;3º DOSE;82
BOM JESUS DOS PERDÕES;3º DOSE;333
BOITUVA;3º DOSE;809
BOFETE;3º DOSE;191
BOCAINA;3º DOSE;417
BOA ESPERANÇA DO SUL;3º DOSE;320
BIRITIBA MIRIM;3º DOSE;421
BIRIGUI;3º DOSE;2757
BILAC;3º DOSE;289
BERTIOGA;3º DOSE;1192
BERNARDINO DE CAMPOS;3º DOSE;318
BENTO DE ABREU;3º DOSE;97
BEBEDOURO;3º DOSE;2166
BAURU;3º DOSE;9813
BATATAIS;3º DOSE;1258
BASTOS;3º DOSE;710
BARUERI;3º DOSE;4674
BARRINHA;3º DOSE;402
BARRETOS;3º DOSE;2929
BARRA DO TURVO;3º DOSE;305
BARRA DO CHAPÉU;3º DOSE;54
BARRA BONITA;3º DOSE;1243
BARIRI;3º DOSE;801
BARBOSA;3º DOSE;206
BARÃO DE ANTONINA;3º DOSE;113
BANANAL;3º DOSE;298
BÁLSAMO;3º DOSE;432
BALBINOS;3º DOSE;121
BADY BASSITT;3º DOSE;437
AVARÉ;3º DOSE;2809
AVANHANDAVA;3º DOSE;293
AVAÍ;3º DOSE;192
AURIFLAMA;3º DOSE;351
ATIBAIA;3º DOSE;4199
ASSIS;3º DOSE;4386
ASPÁSIA;3º DOSE;148
ARUJÁ;3º DOSE;1394
ARTUR NOGUEIRA;3º DOSE;757
ARIRANHA;3º DOSE;320
AREIÓPOLIS;3º DOSE;283
AREIAS;3º DOSE;98
AREALVA;3º DOSE;233
ARCO-ÍRIS;3º DOSE;125
ARARAS;3º DOSE;3249
ARARAQUARA;3º DOSE;4484
ARAPEÍ;3º DOSE;42
ARANDU;3º DOSE;168
ARAMINA;3º DOSE;123
ARAÇOIABA DA SERRA;3º DOSE;626
ARAÇATUBA;3º DOSE;5224
ARAÇARIGUAMA;3º DOSE;202
APIAÍ;3º DOSE;468
APARECIDA D'OESTE;3º DOSE;271
APARECIDA;3º DOSE;704
ANHUMAS;3º DOSE;82
ANHEMBI;3º DOSE;117
ANGATUBA;3º DOSE;304
ANDRADINA;3º DOSE;1165
ANALÂNDIA;3º DOSE;132
AMPARO;3º DOSE;2012
AMÉRICO DE CAMPOS;3º DOSE;161
AMÉRICO BRASILIENSE;3º DOSE;1158
AMERICANA;3º DOSE;5370
ALVINLÂNDIA;3º DOSE;67
ÁLVARO DE CARVALHO;3º DOSE;144
ÁLVARES MACHADO;3º DOSE;494
ÁLVARES FLORENCE;3º DOSE;159
ALUMÍNIO;3º DOSE;155
ALTO ALEGRE;3º DOSE;205
ALTINÓPOLIS;3º DOSE;650
ALTAIR;3º DOSE;186
ALFREDO MARCONDES;3º DOSE;335
ALAMBARI;3º DOSE;141
AGUDOS;3º DOSE;1023
ÁGUAS DE SÃO PEDRO;3º DOSE;201
ÁGUAS DE SANTA BÁRBARA;3º DOSE;133
ÁGUAS DE LINDÓIA;3º DOSE;404
ÁGUAS DA PRATA;3º DOSE;242
AGUAÍ;3º DOSE;850
ADOLFO;3º DOSE;205
ADAMANTINA;3º DOSE;1464
ZACARIAS;2° DOSE;1651
VOTUPORANGA;2° DOSE;61674
VOTORANTIM;2° DOSE;61743
VITÓRIA BRASIL;2° DOSE;1162
VISTA ALEGRE DO ALTO;2° DOSE;4693
VIRADOURO;2° DOSE;11412
VINHEDO;2° DOSE;45595
VERA CRUZ;2° DOSE;6901
VÁRZEA PAULISTA;2° DOSE;57574
VARGEM GRANDE PAULISTA;2° DOSE;22864
VARGEM GRANDE DO SUL;2° DOSE;23625
VARGEM;2° DOSE;5290
VALPARAÍSO;2° DOSE;14748
VALINHOS;2° DOSE;77572
VALENTIM GENTIL;2° DOSE;8915
URUPÊS;2° DOSE;9286
URU;2° DOSE;1037
URÂNIA;2° DOSE;5651
UNIÃO PAULISTA;2° DOSE;1137
UCHOA;2° DOSE;6511
UBIRAJARA;2° DOSE;2588
UBATUBA;2° DOSE;51404
UBARANA;2° DOSE;3410
TURMALINA;2° DOSE;1444
TURIÚBA;2° DOSE;1347
TUPI PAULISTA;2° DOSE;11253
TUPÃ;2° DOSE;42577
TUIUTI;2° DOSE;4025
TRÊS FRONTEIRAS;2° DOSE;4097
TREMEMBÉ;2° DOSE;27960
TRABIJU;2° DOSE;1155
TORRINHA;2° DOSE;6428
TORRE DE PEDRA;2° DOSE;1783
TIMBURI;2° DOSE;1860
TIETÊ;2° DOSE;25411
TERRA ROXA;2° DOSE;5276
TEODORO SAMPAIO;2° DOSE;12974
TEJUPÁ;2° DOSE;2709
TAUBATÉ;2° DOSE;190328
TATUÍ;2° DOSE;71962
TARUMÃ;2° DOSE;8885
TARABAI;2° DOSE;4350
TAQUARIVAÍ;2° DOSE;2848
TAQUARITUBA;2° DOSE;15326
TAQUARITINGA;2° DOSE;35895
TAQUARAL;2° DOSE;1716
TAPIRATIBA;2° DOSE;8142
TAPIRAÍ;2° DOSE;4973
TANABI;2° DOSE;16679
TAMBAÚ;2° DOSE;13123
TAIÚVA;2° DOSE;4023
TAIAÇU;2° DOSE;3907
TAGUAÍ;2° DOSE;7928
TACIBA;2° DOSE;3301
TABOÃO DA SERRA;2° DOSE;141998
TABATINGA;2° DOSE;8838
TABAPUÃ;2° DOSE;7870
SUZANO;2° DOSE;147985
SUZANÁPOLIS;2° DOSE;2363
SUMARÉ;2° DOSE;151918
SUD MENNUCCI;2° DOSE;4818
SOROCABA;2° DOSE;300566
SOCORRO;2° DOSE;26487
SILVEIRAS;2° DOSE;4214
SEVERÍNIA;2° DOSE;9102
SETE BARRAS;2° DOSE;6561
SERTÃOZINHO;2° DOSE;76599
SERRANA;2° DOSE;32824
SERRA NEGRA;2° DOSE;19238
SERRA AZUL;2° DOSE;8053
SEBASTIANÓPOLIS DO SUL;2° DOSE;2466
SARUTAIÁ;2° DOSE;2295
SARAPUÍ;2° DOSE;5795
SÃO VICENTE;2° DOSE;182263
SÃO SIMÃO;2° DOSE;9297
SÃO SEBASTIÃO DA GRAMA;2° DOSE;6602
SÃO SEBASTIÃO;2° DOSE;50297
SÃO ROQUE;2° DOSE;43629
SÃO PEDRO DO TURVO;2° DOSE;4481
SÃO PEDRO;2° DOSE;16465
SÃO PAULO;2° DOSE;7508919
SÃO MIGUEL ARCANJO;2° DOSE;18644
SÃO MANUEL;2° DOSE;22735
SÃO LUIZ DO PARAITINGA;2° DOSE;7425
SÃO LOURENÇO DA SERRA;2° DOSE;8443
SÃO JOSÉ DOS CAMPOS;2° DOSE;432695
SÃO JOSÉ DO RIO PRETO;2° DOSE;300465
SÃO JOSÉ DO RIO PARDO;2° DOSE;33718
SÃO JOSÉ DO BARREIRO;2° DOSE;2714
SÃO JOSÉ DA BELA VISTA;2° DOSE;4607
SÃO JOAQUIM DA BARRA;2° DOSE;28889
SÃO JOÃO DO PAU D'ALHO;2° DOSE;1597
SÃO JOÃO DE IRACEMA;2° DOSE;1214
SÃO JOÃO DAS DUAS PONTES;2° DOSE;1769
SÃO JOÃO DA BOA VISTA;2° DOSE;60740
SÃO FRANCISCO;2° DOSE;2119
SÃO CARLOS;2° DOSE;166065
SÃO CAETANO DO SUL;2° DOSE;109222
SÃO BERNARDO DO CAMPO;2° DOSE;485886
SÃO BENTO DO SAPUCAÍ;2° DOSE;7392
SANTOS;2° DOSE;290524
SANTÓPOLIS DO AGUAPEÍ;2° DOSE;2760
SANTO EXPEDITO;2° DOSE;2059
SANTO ANTÔNIO DO PINHAL;2° DOSE;3841
SANTO ANTÔNIO DO JARDIM;2° DOSE;3912
SANTO ANTÔNIO DO ARACANGUÁ;2° DOSE;5241
SANTO ANTÔNIO DE POSSE;2° DOSE;12700
SANTO ANTÔNIO DA ALEGRIA;2° DOSE;4833
SANTO ANDRÉ;2° DOSE;423482
SANTO ANASTÁCIO;2° DOSE;11912
SANTANA DE PARNAÍBA;2° DOSE;89700
SANTANA DA PONTE PENSA;2° DOSE;1220
SANTA SALETE;2° DOSE;1229
SANTA ROSA DE VITERBO;2° DOSE;15566
SANTA RITA DO PASSA QUATRO;2° DOSE;17666
SANTA RITA D'OESTE;2° DOSE;1976
SANTA MERCEDES;2° DOSE;1941
SANTA MARIA DA SERRA;2° DOSE;3106
SANTA LÚCIA;2° DOSE;4874
SANTA ISABEL;2° DOSE;30981
SANTA GERTRUDES;2° DOSE;12653
SANTA FÉ DO SUL;2° DOSE;22398
SANTA ERNESTINA;2° DOSE;3692
SANTA CRUZ DO RIO PARDO;2° DOSE;29730
SANTA CRUZ DAS PALMEIRAS;2° DOSE;17173
SANTA CRUZ DA ESPERANÇA;2° DOSE;1405
SANTA CRUZ DA CONCEIÇÃO;2° DOSE;2981
SANTA CLARA D'OESTE;2° DOSE;1704
SANTA BRANCA;2° DOSE;8622
SANTA BÁRBARA D'OESTE;2° DOSE;110252
SANTA ALBERTINA;2° DOSE;4195
SANTA ADÉLIA;2° DOSE;9009
SANDOVALINA;2° DOSE;2348
SALTO GRANDE;2° DOSE;4868
SALTO DE PIRAPORA;2° DOSE;26390
SALTO;2° DOSE;71540
SALTINHO;2° DOSE;5166
SALMOURÃO;2° DOSE;3093
SALESÓPOLIS;2° DOSE;10758
SALES OLIVEIRA;2° DOSE;7124
SALES;2° DOSE;4441
SAGRES;2° DOSE;1442
SABINO;2° DOSE;3225
RUBINÉIA;2° DOSE;2359
RUBIÁCEA;2° DOSE;1729
ROSEIRA;2° DOSE;5863
ROSANA;2° DOSE;11052
RIVERSUL;2° DOSE;3896
RIOLÂNDIA;2° DOSE;5352
RIO GRANDE DA SERRA;2° DOSE;11506
RIO DAS PEDRAS;2° DOSE;17480
RIO CLARO;2° DOSE;121399
RINÓPOLIS;2° DOSE;5394
RINCÃO;2° DOSE;6304
RIFAINA;2° DOSE;2525
RIBEIRÃO PRETO;2° DOSE;417542
RIBEIRÃO PIRES;2° DOSE;71909
RIBEIRÃO GRANDE;2° DOSE;4902
RIBEIRÃO DOS ÍNDIOS;2° DOSE;1558
RIBEIRÃO DO SUL;2° DOSE;3192
RIBEIRÃO CORRENTE;2° DOSE;2988
RIBEIRÃO BRANCO;2° DOSE;9375
RIBEIRÃO BONITO;2° DOSE;7568
RIBEIRA;2° DOSE;2044
RESTINGA;2° DOSE;4135
REGISTRO;2° DOSE;33860
REGINÓPOLIS;2° DOSE;6564
REGENTE FEIJÓ;2° DOSE;12500
REDENÇÃO DA SERRA;2° DOSE;2562
RANCHARIA;2° DOSE;19721
RAFARD;2° DOSE;4824
QUINTANA;2° DOSE;4295
QUELUZ;2° DOSE;5530
QUEIROZ;2° DOSE;2150
QUATÁ;2° DOSE;8694
QUADRA;2° DOSE;2361
PROMISSÃO;2° DOSE;22143
PRESIDENTE VENCESLAU;2° DOSE;23182
PRESIDENTE PRUDENTE;2° DOSE;144890
PRESIDENTE EPITÁCIO;2° DOSE;25376
PRESIDENTE BERNARDES;2° DOSE;9202
PRESIDENTE ALVES;2° DOSE;2612
PRATÂNIA;2° DOSE;2806
PRAIA GRANDE;2° DOSE;189746
PRADÓPOLIS;2° DOSE;11219
PRACINHA;2° DOSE;2586
POTIRENDABA;2° DOSE;10997
POTIM;2° DOSE;12712
PORTO FERREIRA;2° DOSE;32698
PORTO FELIZ;2° DOSE;32094
PORANGABA;2° DOSE;5978
POPULINA;2° DOSE;2928
PONTES GESTAL;2° DOSE;1695
PONTALINDA;2° DOSE;2670
PONTAL;2° DOSE;23350
PONGAÍ;2° DOSE;2354
POMPÉIA;2° DOSE;11316
POLONI;2° DOSE;3970
POÁ;2° DOSE;62475
PLATINA;2° DOSE;2191
PLANALTO;2° DOSE;2948
PITANGUEIRAS;2° DOSE;19903
PIRATININGA;2° DOSE;9246
PIRASSUNUNGA;2° DOSE;45669
PIRAPOZINHO;2° DOSE;15317
PIRAPORA DO BOM JESUS;2° DOSE;8608
PIRANGI;2° DOSE;7337
PIRAJUÍ;2° DOSE;10909
PIRAJU;2° DOSE;18702
PIRACICABA;2° DOSE;252191
PIRACAIA;2° DOSE;17422
PIQUETE;2° DOSE;8254
PIQUEROBI;2° DOSE;1890
PINHALZINHO;2° DOSE;9975
PINDORAMA;2° DOSE;9808
PINDAMONHANGABA;2° DOSE;95172
PILAR DO SUL;2° DOSE;18565
PIEDADE;2° DOSE;30292
PIACATU;2° DOSE;3748
PERUÍBE;2° DOSE;39515
PEREIRAS;2° DOSE;4843
PEREIRA BARRETO;2° DOSE;15517
PENÁPOLIS;2° DOSE;38806
PEDRO DE TOLEDO;2° DOSE;5834
PEDRINHAS PAULISTA;2° DOSE;2155
PEDREIRA;2° DOSE;27126
PEDREGULHO;2° DOSE;10084
PEDRANÓPOLIS;2° DOSE;1873
PEDRA BELA;2° DOSE;4375
PEDERNEIRAS;2° DOSE;25979
PAULO DE FARIA;2° DOSE;5325
PAULISTÂNIA;2° DOSE;1302
PAULÍNIA;2° DOSE;61533
PAULICÉIA;2° DOSE;4432
PATROCÍNIO PAULISTA;2° DOSE;9036
PARISI;2° DOSE;1769
PARIQUERA-AÇU;2° DOSE;12269
PARDINHO;2° DOSE;3817
PARAPUÃ;2° DOSE;6712
PARANAPUÃ;2° DOSE;2868
PARANAPANEMA;2° DOSE;11986
PARAÍSO;2° DOSE;3902
PARAIBUNA;2° DOSE;10936
PARAGUAÇU PAULISTA;2° DOSE;28117
PANORAMA;2° DOSE;8737
PALMITAL;2° DOSE;14180
PALMEIRA D'OESTE;2° DOSE;6578
PALMARES PAULISTA;2° DOSE;5779
PALESTINA;2° DOSE;7119
PACAEMBU;2° DOSE;6999
OUROESTE;2° DOSE;6874
OURO VERDE;2° DOSE;4576
OURINHOS;2° DOSE;61770
OSVALDO CRUZ;2° DOSE;21956
OSCAR BRESSANE;2° DOSE;1793
OSASCO;2° DOSE;384198
ORLÂNDIA;2° DOSE;24153
ORINDIÚVA;2° DOSE;4059
ORIENTE;2° DOSE;3875
ONDA VERDE;2° DOSE;2891
OLÍMPIA;2° DOSE;35382
ÓLEO;2° DOSE;1725
OCAUÇU;2° DOSE;2998
NUPORANGA;2° DOSE;4456
NOVO HORIZONTE;2° DOSE;26117
NOVAIS;2° DOSE;2549
NOVA ODESSA;2° DOSE;32527
NOVA LUZITÂNIA;2° DOSE;1785
NOVA INDEPENDÊNCIA;2° DOSE;2792
NOVA GUATAPORANGA;2° DOSE;1589
NOVA GRANADA;2° DOSE;12973
NOVA EUROPA;2° DOSE;6100
NOVA CASTILHO;2° DOSE;797
NOVA CANAÃ PAULISTA;2° DOSE;1503
NOVA CAMPINA;2° DOSE;5699
NOVA ALIANÇA;2° DOSE;4508
NIPOÃ;2° DOSE;2910
NHANDEARA;2° DOSE;6812
NEVES PAULISTA;2° DOSE;6485
NAZARÉ PAULISTA;2° DOSE;11126
NATIVIDADE DA SERRA;2° DOSE;4053
NARANDIBA;2° DOSE;3262
NANTES;2° DOSE;1779
MURUTINGA DO SUL;2° DOSE;2696
MOTUCA;2° DOSE;2788
MORUNGABA;2° DOSE;7877
MORRO AGUDO;2° DOSE;17636
MONTEIRO LOBATO;2° DOSE;2705
MONTE MOR;2° DOSE;34908
MONTE CASTELO;2° DOSE;2901
MONTE AZUL PAULISTA;2° DOSE;12012
MONTE APRAZÍVEL;2° DOSE;15166
MONTE ALTO;2° DOSE;32275
MONTE ALEGRE DO SUL;2° DOSE;5066
MONGAGUÁ;2° DOSE;31150
MONÇÕES;2° DOSE;1457
MOMBUCA;2° DOSE;1987
MOGI MIRIM;2° DOSE;59834
MOGI GUAÇU;2° DOSE;85330
MOGI DAS CRUZES;2° DOSE;250625
MOCOCA;2° DOSE;43750
MIRASSOLÂNDIA;2° DOSE;3192
MIRASSOL;2° DOSE;39089
MIRANTE DO PARANAPANEMA;2° DOSE;10181
MIRANDÓPOLIS;2° DOSE;18487
MIRACATU;2° DOSE;11349
MIRA ESTRELA;2° DOSE;2152
MINEIROS DO TIETÊ;2° DOSE;7410
MIGUELÓPOLIS;2° DOSE;12572
MESÓPOLIS;2° DOSE;1361
MERIDIANO;2° DOSE;2686
MENDONÇA;2° DOSE;3884
MAUÁ;2° DOSE;233692
MATÃO;2° DOSE;52844
MARTINÓPOLIS;2° DOSE;17079
MARINÓPOLIS;2° DOSE;1440
MARÍLIA;2° DOSE;137182
MARIÁPOLIS;2° DOSE;2469
MARAPOAMA;2° DOSE;2149
MARACAÍ;2° DOSE;8396
MARABÁ PAULISTA;2° DOSE;3021
MANDURI;2° DOSE;6476
MAIRIPORÃ;2° DOSE;49942
MAIRINQUE;2° DOSE;28585
MAGDA;2° DOSE;2191
MACEDÔNIA;2° DOSE;2725
MACAUBAL;2° DOSE;4890
MACATUBA;2° DOSE;10510
LUTÉCIA;2° DOSE;1834
LUPÉRCIO;2° DOSE;2393
LUIZIÂNIA;2° DOSE;3283
LUÍS ANTÔNIO;2° DOSE;7639
LUCIANÓPOLIS;2° DOSE;1610
LUCÉLIA;2° DOSE;13065
LOUVEIRA;2° DOSE;27682
LOURDES;2° DOSE;1525
LORENA;2° DOSE;47672
LINS;2° DOSE;47375
LINDÓIA;2° DOSE;4584
LIMEIRA;2° DOSE;158573
LENÇÓIS PAULISTA;2° DOSE;38433
LEME;2° DOSE;60320
LAVRINHAS;2° DOSE;3503
LAVÍNIA;2° DOSE;8366
LARANJAL PAULISTA;2° DOSE;17393
LAGOINHA;2° DOSE;3883
JUQUITIBA;2° DOSE;17541
JUQUIÁ;2° DOSE;9927
JUNQUEIRÓPOLIS;2° DOSE;14007
JUNDIAÍ;2° DOSE;265958
JUMIRIM;2° DOSE;2138
JÚLIO MESQUITA;2° DOSE;2834
JOSÉ BONIFÁCIO;2° DOSE;22711
JOÃO RAMALHO;2° DOSE;2763
JOANÓPOLIS;2° DOSE;8153
JERIQUARA;2° DOSE;2003
JAÚ;2° DOSE;78234
JARINU;2° DOSE;18773
JARDINÓPOLIS;2° DOSE;24797
JANDIRA;2° DOSE;57448
JAMBEIRO;2° DOSE;3616
JALES;2° DOSE;30893
JAGUARIÚNA;2° DOSE;36655
JACUPIRANGA;2° DOSE;9201
JACI;2° DOSE;4814
JACAREÍ;2° DOSE;118158
JABOTICABAL;2° DOSE;45429
JABORANDI;2° DOSE;4104
ITUVERAVA;2° DOSE;25808
ITUPEVA;2° DOSE;35351
ITU;2° DOSE;109986
ITOBI;2° DOSE;4199
ITIRAPUÃ;2° DOSE;3738
ITIRAPINA;2° DOSE;9233
ITATINGA;2° DOSE;11523
ITATIBA;2° DOSE;70924
ITARIRI;2° DOSE;8184
ITARARÉ;2° DOSE;30712
ITAQUAQUECETUBA;2° DOSE;162866
ITAPURA;2° DOSE;2645
ITAPUÍ;2° DOSE;8005
ITAPORANGA;2° DOSE;9240
ITÁPOLIS;2° DOSE;24581
ITAPIRAPUÃ PAULISTA;2° DOSE;2715
ITAPIRA;2° DOSE;47913
ITAPEVI;2° DOSE;110742
ITAPEVA;2° DOSE;56834
ITAPETININGA;2° DOSE;94514
ITAPECERICA DA SERRA;2° DOSE;90008
ITAOCA;2° DOSE;2434
ITANHAÉM;2° DOSE;63766
ITAJU;2° DOSE;2005
ITAJOBI;2° DOSE;10685
ITAÍ;2° DOSE;16945
ITABERÁ;2° DOSE;12336
IRAPURU;2° DOSE;5156
IRAPUÃ;2° DOSE;4482
IRACEMÁPOLIS;2° DOSE;12592
IPUÃ;2° DOSE;9334
IPORANGA;2° DOSE;2483
IPIGUÁ;2° DOSE;3540
IPEÚNA;2° DOSE;3886
IPERÓ;2° DOSE;19112
IPAUSSU;2° DOSE;8754
INÚBIA PAULISTA;2° DOSE;2546
INDIAPORÃ;2° DOSE;2872
INDIANA;2° DOSE;3193
INDAIATUBA;2° DOSE;161519
ILHABELA;2° DOSE;20784
ILHA SOLTEIRA;2° DOSE;17753
ILHA COMPRIDA;2° DOSE;7230
IGUAPE;2° DOSE;18127
IGARATÁ;2° DOSE;6055
IGARAPAVA;2° DOSE;16751
IGARAÇU DO TIETÊ;2° DOSE;14948
IEPÊ;2° DOSE;5518
ICÉM;2° DOSE;4559
IBIÚNA;2° DOSE;30488
IBITINGA;2° DOSE;35602
IBIRAREMA;2° DOSE;4283
IBIRÁ;2° DOSE;7635
IBATÉ;2° DOSE;19733
IARAS;2° DOSE;5853
IACRI;2° DOSE;4150
IACANGA;2° DOSE;7213
HORTOLÂNDIA;2° DOSE;124498
HOLAMBRA;2° DOSE;9728
HERCULÂNDIA;2° DOSE;4856
GUZOLÂNDIA;2° DOSE;3067
GUATAPARÁ;2° DOSE;4761
GUARULHOS;2° DOSE;739401
GUARUJÁ;2° DOSE;159719
GUARIBA;2° DOSE;21838
GUAREÍ;2° DOSE;10298
GUARATINGUETÁ;2° DOSE;75318
GUARAREMA;2° DOSE;19621
GUARARAPES;2° DOSE;19758
GUARANTÃ;2° DOSE;3518
GUARANI D'OESTE;2° DOSE;1484
GUARACI;2° DOSE;6184
GUARAÇAÍ;2° DOSE;5187
GUARÁ;2° DOSE;12177
GUAPIARA;2° DOSE;10376
GUAPIAÇU;2° DOSE;12292
GUAÍRA;2° DOSE;25020
GUAIMBÊ;2° DOSE;3408
GUAIÇARA;2° DOSE;6742
GLICÉRIO;2° DOSE;2799
GETULINA;2° DOSE;6697
GENERAL SALGADO;2° DOSE;7091
GAVIÃO PEIXOTO;2° DOSE;3035
GASTÃO VIDIGAL;2° DOSE;2356
GARÇA;2° DOSE;25779
GÁLIA;2° DOSE;4549
GABRIEL MONTEIRO;2° DOSE;1983
FRANCO DA ROCHA;2° DOSE;87135
FRANCISCO MORATO;2° DOSE;90707
FRANCA;2° DOSE;203276
FLORÍNEA;2° DOSE;2095
FLÓRIDA PAULISTA;2° DOSE;8112
FLOREAL;2° DOSE;2194
FLORA RICA;2° DOSE;1176
FERRAZ DE VASCONCELOS;2° DOSE;92189
FERNÃO;2° DOSE;1150
FERNANDÓPOLIS;2° DOSE;48245
FERNANDO PRESTES;2° DOSE;3988
FARTURA;2° DOSE;8972
EUCLIDES DA CUNHA PAULISTA;2° DOSE;4448
ESTRELA DO NORTE;2° DOSE;1902
ESTRELA D'OESTE;2° DOSE;5775
ESTIVA GERBI;2° DOSE;5984
ESPÍRITO SANTO DO TURVO;2° DOSE;2865
ESPÍRITO SANTO DO PINHAL;2° DOSE;26405
ENGENHEIRO COELHO;2° DOSE;10443
EMILIANÓPOLIS;2° DOSE;2168
EMBU-GUAÇU;2° DOSE;35899
EMBU DAS ARTES;2° DOSE;133057
EMBAÚBA;2° DOSE;1556
ELISIÁRIO;2° DOSE;2137
ELIAS FAUSTO;2° DOSE;9689
ELDORADO;2° DOSE;7491
ECHAPORÃ;2° DOSE;3819
DUMONT;2° DOSE;5897
DUARTINA;2° DOSE;8593
DRACENA;2° DOSE;29231
DOURADO;2° DOSE;5899
DOLCINÓPOLIS;2° DOSE;1706
DOIS CÓRREGOS;2° DOSE;15548
DOBRADA;2° DOSE;4761
DIVINOLÂNDIA;2° DOSE;8158
DIRCE REIS;2° DOSE;1195
DIADEMA;2° DOSE;236454
DESCALVADO;2° DOSE;22440
CUNHA;2° DOSE;14022
CUBATÃO;2° DOSE;65865
CRUZEIRO;2° DOSE;47659
CRUZÁLIA;2° DOSE;1615
CRISTAIS PAULISTA;2° DOSE;5269
CRAVINHOS;2° DOSE;19983
COTIA;2° DOSE;132450
COSMORAMA;2° DOSE;5292
COSMÓPOLIS;2° DOSE;32082
CORUMBATAÍ;2° DOSE;2370
CORONEL MACEDO;2° DOSE;3213
COROADOS;2° DOSE;3608
CORDEIRÓPOLIS;2° DOSE;14292
CONCHAS;2° DOSE;10131
CONCHAL;2° DOSE;15077
COLÔMBIA;2° DOSE;4171
COLINA;2° DOSE;10504
CLEMENTINA;2° DOSE;4712
CHAVANTES;2° DOSE;7529
CHARQUEADA;2° DOSE;9752
CESÁRIO LANGE;2° DOSE;11124
CERQUILHO;2° DOSE;29938
CERQUEIRA CÉSAR;2° DOSE;13112
CEDRAL;2° DOSE;6406
CATIGUÁ;2° DOSE;4791
CATANDUVA;2° DOSE;78010
CASTILHO;2° DOSE;11423
CÁSSIA DOS COQUEIROS;2° DOSE;1880
CASA BRANCA;2° DOSE;17184
CARDOSO;2° DOSE;8170
CARAPICUÍBA;2° DOSE;212120
CARAGUATATUBA;2° DOSE;70158
CAPIVARI;2° DOSE;31407
CAPELA DO ALTO;2° DOSE;12182
CAPÃO BONITO;2° DOSE;27790
CANITAR;2° DOSE;2849
CÂNDIDO RODRIGUES;2° DOSE;2054
CÂNDIDO MOTA;2° DOSE;19215
CANAS;2° DOSE;2747
CANANÉIA;2° DOSE;7404
CAMPOS NOVOS PAULISTA;2° DOSE;2972
CAMPOS DO JORDÃO;2° DOSE;29467
CAMPO LIMPO PAULISTA;2° DOSE;40763
CAMPINAS;2° DOSE;713037
CAMPINA DO MONTE ALEGRE;2° DOSE;4111
CAJURU;2° DOSE;14644
CAJOBI;2° DOSE;6297
CAJATI;2° DOSE;16137
CAJAMAR;2° DOSE;45476
CAIUÁ;2° DOSE;3773
CAIEIRAS;2° DOSE;55554
CAIABU;2° DOSE;2530
CAFELÂNDIA;2° DOSE;10117
CACONDE;2° DOSE;11461
CACHOEIRA PAULISTA;2° DOSE;16194
CAÇAPAVA;2° DOSE;54323
CABREÚVA;2° DOSE;29202
CABRÁLIA PAULISTA;2° DOSE;2763
BURITIZAL;2° DOSE;2479
BURITAMA;2° DOSE;11190
BURI;2° DOSE;11357
BROTAS;2° DOSE;15076
BRODOWSKI;2° DOSE;15127
BREJO ALEGRE;2° DOSE;1607
BRAÚNA;2° DOSE;3417
BRAGANÇA PAULISTA;2° DOSE;113543
BOTUCATU;2° DOSE;119747
BOREBI;2° DOSE;1522
BORBOREMA;2° DOSE;10392
BORACÉIA;2° DOSE;2944
BORÁ;2° DOSE;659
BOM SUCESSO DE ITARARÉ;2° DOSE;2265
BOM JESUS DOS PERDÕES;2° DOSE;14126
BOITUVA;2° DOSE;33832
BOFETE;2° DOSE;5904
BOCAINA;2° DOSE;7703
BOA ESPERANÇA DO SUL;2° DOSE;8498
BIRITIBA MIRIM;2° DOSE;17444
BIRIGUI;2° DOSE;70302
BILAC;2° DOSE;5189
BERTIOGA;2° DOSE;36779
BERNARDINO DE CAMPOS;2° DOSE;7170
BENTO DE ABREU;2° DOSE;1700
BEBEDOURO;2° DOSE;46165
BAURU;2° DOSE;229335
BATATAIS;2° DOSE;37313
BASTOS;2° DOSE;14188
BARUERI;2° DOSE;158527
BARRINHA;2° DOSE;16708
BARRETOS;2° DOSE;79350
BARRA DO TURVO;2° DOSE;3986
BARRA DO CHAPÉU;2° DOSE;3301
BARRA BONITA;2° DOSE;24281
BARIRI;2° DOSE;20033
BARBOSA;2° DOSE;3947
BARÃO DE ANTONINA;2° DOSE;2322
BANANAL;2° DOSE;5895
BÁLSAMO;2° DOSE;6113
BALBINOS;2° DOSE;4203
BADY BASSITT;2° DOSE;12290
AVARÉ;2° DOSE;58157
AVANHANDAVA;2° DOSE;7327
AVAÍ;2° DOSE;3410
AURIFLAMA;2° DOSE;8516
ATIBAIA;2° DOSE;83077
ASSIS;2° DOSE;63949
ASPÁSIA;2° DOSE;1366
ARUJÁ;2° DOSE;52717
ARTUR NOGUEIRA;2° DOSE;31279
ARIRANHA;2° DOSE;5386
AREIÓPOLIS;2° DOSE;5872
AREIAS;2° DOSE;2315
AREALVA;2° DOSE;5692
ARCO-ÍRIS;2° DOSE;1355
ARARAS;2° DOSE;81545
ARARAQUARA;2° DOSE;153819
ARAPEÍ;2° DOSE;1651
ARANDU;2° DOSE;4167
ARAMINA;2° DOSE;3571
ARAÇOIABA DA SERRA;2° DOSE;19506
ARAÇATUBA;2° DOSE;122181
ARAÇARIGUAMA;2° DOSE;10939
APIAÍ;2° DOSE;14932
APARECIDA D'OESTE;2° DOSE;3177
APARECIDA;2° DOSE;19968
ANHUMAS;2° DOSE;2713
ANHEMBI;2° DOSE;3709
ANGATUBA;2° DOSE;14366
ANDRADINA;2° DOSE;36495
ANALÂNDIA;2° DOSE;2646
AMPARO;2° DOSE;46426
AMÉRICO DE CAMPOS;2° DOSE;4013
AMÉRICO BRASILIENSE;2° DOSE;20795
AMERICANA;2° DOSE;146948
ALVINLÂNDIA;2° DOSE;1858
ÁLVARO DE CARVALHO;2° DOSE;3156
ÁLVARES MACHADO;2° DOSE;14942
ÁLVARES FLORENCE;2° DOSE;2782
ALUMÍNIO;2° DOSE;8352
ALTO ALEGRE;2° DOSE;2783
ALTINÓPOLIS;2° DOSE;11289
ALTAIR;2° DOSE;2169
ALFREDO MARCONDES;2° DOSE;3208
ALAMBARI;2° DOSE;3534
AGUDOS;2° DOSE;23104
ÁGUAS DE SÃO PEDRO;2° DOSE;2808
ÁGUAS DE SANTA BÁRBARA;2° DOSE;4001
ÁGUAS DE LINDÓIA;2° DOSE;12703
ÁGUAS DA PRATA;2° DOSE;5039
AGUAÍ;2° DOSE;21314
ADOLFO;2° DOSE;2949
ADAMANTINA;2° DOSE;23053
ZACARIAS;1° DOSE;2108
VOTUPORANGA;1° DOSE;80094
VOTORANTIM;1° DOSE;85076
VITÓRIA BRASIL;1° DOSE;1548
VISTA ALEGRE DO ALTO;1° DOSE;6380
VIRADOURO;1° DOSE;14660
VINHEDO;1° DOSE;61677
VERA CRUZ;1° DOSE;8356
VÁRZEA PAULISTA;1° DOSE;87684
VARGEM GRANDE PAULISTA;1° DOSE;38993
VARGEM GRANDE DO SUL;1° DOSE;33780
VARGEM;1° DOSE;8060
VALPARAÍSO;1° DOSE;20123
VALINHOS;1° DOSE;101528
VALENTIM GENTIL;1° DOSE;11036
URUPÊS;1° DOSE;11268
URU;1° DOSE;1150
URÂNIA;1° DOSE;7260
UNIÃO PAULISTA;1° DOSE;1384
UCHOA;1° DOSE;8049
UBIRAJARA;1° DOSE;4290
UBATUBA;1° DOSE;76201
UBARANA;1° DOSE;4473
TURMALINA;1° DOSE;1704
TURIÚBA;1° DOSE;1604
TUPI PAULISTA;1° DOSE;13922
TUPÃ;1° DOSE;53590
TUIUTI;1° DOSE;5365
TRÊS FRONTEIRAS;1° DOSE;5301
TREMEMBÉ;1° DOSE;40560
TRABIJU;1° DOSE;1434
TORRINHA;1° DOSE;7882
TORRE DE PEDRA;1° DOSE;2329
TIMBURI;1° DOSE;2265
TIETÊ;1° DOSE;31526
TERRA ROXA;1° DOSE;6561
TEODORO SAMPAIO;1° DOSE;17993
TEJUPÁ;1° DOSE;3582
TAUBATÉ;1° DOSE;240935
TATUÍ;1° DOSE;98905
TARUMÃ;1° DOSE;11830
TARABAI;1° DOSE;5559
TAQUARIVAÍ;1° DOSE;4755
TAQUARITUBA;1° DOSE;20921
TAQUARITINGA;1° DOSE;44062
TAQUARAL;1° DOSE;2257
TAPIRATIBA;1° DOSE;10492
TAPIRAÍ;1° DOSE;6640
TANABI;1° DOSE;20983
TAMBAÚ;1° DOSE;17251
TAIÚVA;1° DOSE;5453
TAIAÇU;1° DOSE;4762
TAGUAÍ;1° DOSE;10432
TACIBA;1° DOSE;4636
TABOÃO DA SERRA;1° DOSE;215758
TABATINGA;1° DOSE;11913
TABAPUÃ;1° DOSE;9549
SUZANO;1° DOSE;225260
SUZANÁPOLIS;1° DOSE;2918
SUMARÉ;1° DOSE;219734
SUD MENNUCCI;1° DOSE;6143
SOROCABA;1° DOSE;534658
SOCORRO;1° DOSE;33867
SILVEIRAS;1° DOSE;5220
SEVERÍNIA;1° DOSE;12226
SETE BARRAS;1° DOSE;9959
SERTÃOZINHO;1° DOSE;100752
SERRANA;1° DOSE;39204
SERRA NEGRA;1° DOSE;23957
SERRA AZUL;1° DOSE;11941
SEBASTIANÓPOLIS DO SUL;1° DOSE;2868
SARUTAIÁ;1° DOSE;3030
SARAPUÍ;1° DOSE;8252
SÃO VICENTE;1° DOSE;269228
SÃO SIMÃO;1° DOSE;11657
SÃO SEBASTIÃO DA GRAMA;1° DOSE;8871
SÃO SEBASTIÃO;1° DOSE;71202
SÃO ROQUE;1° DOSE;69203
SÃO PEDRO DO TURVO;1° DOSE;5991
SÃO PEDRO;1° DOSE;28692
SÃO PAULO;1° DOSE;10413742
SÃO MIGUEL ARCANJO;1° DOSE;26386
SÃO MANUEL;1° DOSE;29504
SÃO LUIZ DO PARAITINGA;1° DOSE;9211
SÃO LOURENÇO DA SERRA;1° DOSE;12068
SÃO JOSÉ DOS CAMPOS;1° DOSE;574094
SÃO JOSÉ DO RIO PRETO;1° DOSE;384154
SÃO JOSÉ DO RIO PARDO;1° DOSE;44682
SÃO JOSÉ DO BARREIRO;1° DOSE;3369
SÃO JOSÉ DA BELA VISTA;1° DOSE;6118
SÃO JOAQUIM DA BARRA;1° DOSE;39353
SÃO JOÃO DO PAU D'ALHO;1° DOSE;1855
SÃO JOÃO DE IRACEMA;1° DOSE;1535
SÃO JOÃO DAS DUAS PONTES;1° DOSE;2087
SÃO JOÃO DA BOA VISTA;1° DOSE;76056
SÃO FRANCISCO;1° DOSE;2376
SÃO CARLOS;1° DOSE;209276
SÃO CAETANO DO SUL;1° DOSE;131619
SÃO BERNARDO DO CAMPO;1° DOSE;646441
SÃO BENTO DO SAPUCAÍ;1° DOSE;9626
SANTOS;1° DOSE;371310
SANTÓPOLIS DO AGUAPEÍ;1° DOSE;3218
SANTO EXPEDITO;1° DOSE;2516
SANTO ANTÔNIO DO PINHAL;1° DOSE;5712
SANTO ANTÔNIO DO JARDIM;1° DOSE;5009
SANTO ANTÔNIO DO ARACANGUÁ;1° DOSE;6342
SANTO ANTÔNIO DE POSSE;1° DOSE;18931
SANTO ANTÔNIO DA ALEGRIA;1° DOSE;5864
SANTO ANDRÉ;1° DOSE;570613
SANTO ANASTÁCIO;1° DOSE;15373
SANTANA DE PARNAÍBA;1° DOSE;117820
SANTANA DA PONTE PENSA;1° DOSE;1311
SANTA SALETE;1° DOSE;1406
SANTA ROSA DE VITERBO;1° DOSE;20060
SANTA RITA DO PASSA QUATRO;1° DOSE;22191
SANTA RITA D'OESTE;1° DOSE;2257
SANTA MERCEDES;1° DOSE;2606
SANTA MARIA DA SERRA;1° DOSE;4511
SANTA LÚCIA;1° DOSE;6093
SANTA ISABEL;1° DOSE;43917
SANTA GERTRUDES;1° DOSE;19188
SANTA FÉ DO SUL;1° DOSE;29217
SANTA ERNESTINA;1° DOSE;4668
SANTA CRUZ DO RIO PARDO;1° DOSE;39075
SANTA CRUZ DAS PALMEIRAS;1° DOSE;23793
SANTA CRUZ DA ESPERANÇA;1° DOSE;1731
SANTA CRUZ DA CONCEIÇÃO;1° DOSE;3654
SANTA CLARA D'OESTE;1° DOSE;1966
SANTA BRANCA;1° DOSE;11159
SANTA BÁRBARA D'OESTE;1° DOSE;146651
SANTA ALBERTINA;1° DOSE;5128
SANTA ADÉLIA;1° DOSE;11681
SANDOVALINA;1° DOSE;3000
SALTO GRANDE;1° DOSE;7115
SALTO DE PIRAPORA;1° DOSE;35114
SALTO;1° DOSE;98023
SALTINHO;1° DOSE;6946
SALMOURÃO;1° DOSE;3988
SALESÓPOLIS;1° DOSE;14160
SALES OLIVEIRA;1° DOSE;9277
SALES;1° DOSE;5216
SAGRES;1° DOSE;1949
SABINO;1° DOSE;4444
RUBINÉIA;1° DOSE;2912
RUBIÁCEA;1° DOSE;2379
ROSEIRA;1° DOSE;8316
ROSANA;1° DOSE;13940
RIVERSUL;1° DOSE;4696
RIOLÂNDIA;1° DOSE;9629
RIO GRANDE DA SERRA;1° DOSE;29746
RIO DAS PEDRAS;1° DOSE;25262
RIO CLARO;1° DOSE;164267
RINÓPOLIS;1° DOSE;7566
RINCÃO;1° DOSE;7630
RIFAINA;1° DOSE;3392
RIBEIRÃO PRETO;1° DOSE;540919
RIBEIRÃO PIRES;1° DOSE;94222
RIBEIRÃO GRANDE;1° DOSE;6382
RIBEIRÃO DOS ÍNDIOS;1° DOSE;1827
RIBEIRÃO DO SUL;1° DOSE;3801
RIBEIRÃO CORRENTE;1° DOSE;3922
RIBEIRÃO BRANCO;1° DOSE;14082
RIBEIRÃO BONITO;1° DOSE;9414
RIBEIRA;1° DOSE;2796
RESTINGA;1° DOSE;5716
REGISTRO;1° DOSE;47164
REGINÓPOLIS;1° DOSE;8174
REGENTE FEIJÓ;1° DOSE;16110
REDENÇÃO DA SERRA;1° DOSE;3267
RANCHARIA;1° DOSE;24079
RAFARD;1° DOSE;7598
QUINTANA;1° DOSE;5286
QUELUZ;1° DOSE;8023
QUEIROZ;1° DOSE;2705
QUATÁ;1° DOSE;10656
QUADRA;1° DOSE;2978
PROMISSÃO;1° DOSE;28380
PRESIDENTE VENCESLAU;1° DOSE;29442
PRESIDENTE PRUDENTE;1° DOSE;188953
PRESIDENTE EPITÁCIO;1° DOSE;31523
PRESIDENTE BERNARDES;1° DOSE;13355
PRESIDENTE ALVES;1° DOSE;3262
PRATÂNIA;1° DOSE;4206
PRAIA GRANDE;1° DOSE;268449
PRADÓPOLIS;1° DOSE;14535
PRACINHA;1° DOSE;2813
POTIRENDABA;1° DOSE;14467
POTIM;1° DOSE;18452
PORTO FERREIRA;1° DOSE;43756
PORTO FELIZ;1° DOSE;43097
PORANGABA;1° DOSE;7938
POPULINA;1° DOSE;3597
PONTES GESTAL;1° DOSE;2082
PONTALINDA;1° DOSE;3307
PONTAL;1° DOSE;31985
PONGAÍ;1° DOSE;2838
POMPÉIA;1° DOSE;16783
POLONI;1° DOSE;4969
POÁ;1° DOSE;90082
PLATINA;1° DOSE;2650
PLANALTO;1° DOSE;3706
PITANGUEIRAS;1° DOSE;27196
PIRATININGA;1° DOSE;11738
PIRASSUNUNGA;1° DOSE;59850
PIRAPOZINHO;1° DOSE;20166
PIRAPORA DO BOM JESUS;1° DOSE;15062
PIRANGI;1° DOSE;8999
PIRAJUÍ;1° DOSE;17676
PIRAJU;1° DOSE;24931
PIRACICABA;1° DOSE;329106
PIRACAIA;1° DOSE;23324
PIQUETE;1° DOSE;10526
PIQUEROBI;1° DOSE;2776
PINHALZINHO;1° DOSE;12555
PINDORAMA;1° DOSE;12079
PINDAMONHANGABA;1° DOSE;129610
PILAR DO SUL;1° DOSE;23534
PIEDADE;1° DOSE;43385
PIACATU;1° DOSE;4593
PERUÍBE;1° DOSE;55604
PEREIRAS;1° DOSE;6502
PEREIRA BARRETO;1° DOSE;20205
PENÁPOLIS;1° DOSE;50450
PEDRO DE TOLEDO;1° DOSE;7913
PEDRINHAS PAULISTA;1° DOSE;2511
PEDREIRA;1° DOSE;36757
PEDREGULHO;1° DOSE;13565
PEDRANÓPOLIS;1° DOSE;2340
PEDRA BELA;1° DOSE;5379
PEDERNEIRAS;1° DOSE;35935
PAULO DE FARIA;1° DOSE;7004
PAULISTÂNIA;1° DOSE;1623
PAULÍNIA;1° DOSE;84620
PAULICÉIA;1° DOSE;5927
PATROCÍNIO PAULISTA;1° DOSE;11639
PARISI;1° DOSE;2078
PARIQUERA-AÇU;1° DOSE;15794
PARDINHO;1° DOSE;5612
PARAPUÃ;1° DOSE;8582
PARANAPUÃ;1° DOSE;3417
PARANAPANEMA;1° DOSE;15773
PARAÍSO;1° DOSE;4862
PARAIBUNA;1° DOSE;14300
PARAGUAÇU PAULISTA;1° DOSE;34650
PANORAMA;1° DOSE;11504
PALMITAL;1° DOSE;17581
PALMEIRA D'OESTE;1° DOSE;7724
PALMARES PAULISTA;1° DOSE;7541
PALESTINA;1° DOSE;9242
PACAEMBU;1° DOSE;13605
OUROESTE;1° DOSE;8521
OURO VERDE;1° DOSE;6189
OURINHOS;1° DOSE;86265
OSVALDO CRUZ;1° DOSE;25939
OSCAR BRESSANE;1° DOSE;2142
OSASCO;1° DOSE;592236
ORLÂNDIA;1° DOSE;31532
ORINDIÚVA;1° DOSE;4995
ORIENTE;1° DOSE;4926
ONDA VERDE;1° DOSE;3777
OLÍMPIA;1° DOSE;45893
ÓLEO;1° DOSE;2351
OCAUÇU;1° DOSE;3539
NUPORANGA;1° DOSE;6099
NOVO HORIZONTE;1° DOSE;32212
NOVAIS;1° DOSE;3604
NOVA ODESSA;1° DOSE;45960
NOVA LUZITÂNIA;1° DOSE;2480
NOVA INDEPENDÊNCIA;1° DOSE;4489
NOVA GUATAPORANGA;1° DOSE;1885
NOVA GRANADA;1° DOSE;16106
NOVA EUROPA;1° DOSE;7685
NOVA CASTILHO;1° DOSE;941
NOVA CANAÃ PAULISTA;1° DOSE;1704
NOVA CAMPINA;1° DOSE;7169
NOVA ALIANÇA;1° DOSE;5696
NIPOÃ;1° DOSE;4007
NHANDEARA;1° DOSE;8614
NEVES PAULISTA;1° DOSE;7878
NAZARÉ PAULISTA;1° DOSE;15129
NATIVIDADE DA SERRA;1° DOSE;5844
NARANDIBA;1° DOSE;4175
NANTES;1° DOSE;2249
MURUTINGA DO SUL;1° DOSE;3246
MOTUCA;1° DOSE;3445
MORUNGABA;1° DOSE;11490
MORRO AGUDO;1° DOSE;22627
MONTEIRO LOBATO;1° DOSE;3664
MONTE MOR;1° DOSE;51352
MONTE CASTELO;1° DOSE;3326
MONTE AZUL PAULISTA;1° DOSE;15357
MONTE APRAZÍVEL;1° DOSE;18550
MONTE ALTO;1° DOSE;40137
MONTE ALEGRE DO SUL;1° DOSE;6467
MONGAGUÁ;1° DOSE;46049
MONÇÕES;1° DOSE;1749
MOMBUCA;1° DOSE;2923
MOGI MIRIM;1° DOSE;76487
MOGI GUAÇU;1° DOSE;118309
MOGI DAS CRUZES;1° DOSE;336793
MOCOCA;1° DOSE;57537
MIRASSOLÂNDIA;1° DOSE;4184
MIRASSOL;1° DOSE;48906
MIRANTE DO PARANAPANEMA;1° DOSE;13381
MIRANDÓPOLIS;1° DOSE;24448
MIRACATU;1° DOSE;15803
MIRA ESTRELA;1° DOSE;2498
MINEIROS DO TIETÊ;1° DOSE;9420
MIGUELÓPOLIS;1° DOSE;16326
MESÓPOLIS;1° DOSE;1714
MERIDIANO;1° DOSE;3417
MENDONÇA;1° DOSE;5046
MAUÁ;1° DOSE;323333
MATÃO;1° DOSE;68618
MARTINÓPOLIS;1° DOSE;21408
MARINÓPOLIS;1° DOSE;1633
MARÍLIA;1° DOSE;190091
MARIÁPOLIS;1° DOSE;2908
MARAPOAMA;1° DOSE;2593
MARACAÍ;1° DOSE;10875
MARABÁ PAULISTA;1° DOSE;4307
MANDURI;1° DOSE;8100
MAIRIPORÃ;1° DOSE;72074
MAIRINQUE;1° DOSE;43319
MAGDA;1° DOSE;2661
MACEDÔNIA;1° DOSE;3189
MACAUBAL;1° DOSE;6183
MACATUBA;1° DOSE;13588
LUTÉCIA;1° DOSE;2227
LUPÉRCIO;1° DOSE;3405
LUIZIÂNIA;1° DOSE;4031
LUÍS ANTÔNIO;1° DOSE;10162
LUCIANÓPOLIS;1° DOSE;2079
LUCÉLIA;1° DOSE;16959
LOUVEIRA;1° DOSE;39119
LOURDES;1° DOSE;1860
LORENA;1° DOSE;68047
LINS;1° DOSE;61116
LINDÓIA;1° DOSE;5814
LIMEIRA;1° DOSE;238495
LENÇÓIS PAULISTA;1° DOSE;54863
LEME;1° DOSE;79968
LAVRINHAS;1° DOSE;4982
LAVÍNIA;1° DOSE;10084
LARANJAL PAULISTA;1° DOSE;23343
LAGOINHA;1° DOSE;4560
JUQUITIBA;1° DOSE;25336
JUQUIÁ;1° DOSE;14184
JUNQUEIRÓPOLIS;1° DOSE;16957
JUNDIAÍ;1° DOSE;337127
JUMIRIM;1° DOSE;2778
JÚLIO MESQUITA;1° DOSE;3616
JOSÉ BONIFÁCIO;1° DOSE;29352
JOÃO RAMALHO;1° DOSE;3454
JOANÓPOLIS;1° DOSE;11117
JERIQUARA;1° DOSE;2809
JAÚ;1° DOSE;109963
JARINU;1° DOSE;26789
JARDINÓPOLIS;1° DOSE;35895
JANDIRA;1° DOSE;90207
JAMBEIRO;1° DOSE;4712
JALES;1° DOSE;40974
JAGUARIÚNA;1° DOSE;47339
JACUPIRANGA;1° DOSE;12730
JACI;1° DOSE;6110
JACAREÍ;1° DOSE;175107
JABOTICABAL;1° DOSE;60726
JABORANDI;1° DOSE;5099
ITUVERAVA;1° DOSE;31224
ITUPEVA;1° DOSE;50047
ITU;1° DOSE;143580
ITOBI;1° DOSE;6314
ITIRAPUÃ;1° DOSE;4858
ITIRAPINA;1° DOSE;14122
ITATINGA;1° DOSE;15432
ITATIBA;1° DOSE;95741
ITARIRI;1° DOSE;11501
ITARARÉ;1° DOSE;36863
ITAQUAQUECETUBA;1° DOSE;268829
ITAPURA;1° DOSE;3364
ITAPUÍ;1° DOSE;10747
ITAPORANGA;1° DOSE;11862
ITÁPOLIS;1° DOSE;32903
ITAPIRAPUÃ PAULISTA;1° DOSE;3449
ITAPIRA;1° DOSE;61088
ITAPEVI;1° DOSE;184024
ITAPEVA;1° DOSE;74298
ITAPETININGA;1° DOSE;129350
ITAPECERICA DA SERRA;1° DOSE;125754
ITAOCA;1° DOSE;2779
ITANHAÉM;1° DOSE;90809
ITAJU;1° DOSE;2879
ITAJOBI;1° DOSE;13350
ITAÍ;1° DOSE;21592
ITABERÁ;1° DOSE;14876
IRAPURU;1° DOSE;6766
IRAPUÃ;1° DOSE;5753
IRACEMÁPOLIS;1° DOSE;17835
IPUÃ;1° DOSE;12130
IPORANGA;1° DOSE;3190
IPIGUÁ;1° DOSE;4595
IPEÚNA;1° DOSE;5270
IPERÓ;1° DOSE;25946
IPAUSSU;1° DOSE;11021
INÚBIA PAULISTA;1° DOSE;3041
INDIAPORÃ;1° DOSE;3403
INDIANA;1° DOSE;3953
INDAIATUBA;1° DOSE;205873
ILHABELA;1° DOSE;31506
ILHA SOLTEIRA;1° DOSE;21787
ILHA COMPRIDA;1° DOSE;10740
IGUAPE;1° DOSE;23893
IGARATÁ;1° DOSE;8537
IGARAPAVA;1° DOSE;21780
IGARAÇU DO TIETÊ;1° DOSE;18793
IEPÊ;1° DOSE;6447
ICÉM;1° DOSE;6342
IBIÚNA;1° DOSE;60377
IBITINGA;1° DOSE;47481
IBIRAREMA;1° DOSE;5394
IBIRÁ;1° DOSE;9779
IBATÉ;1° DOSE;26736
IARAS;1° DOSE;7361
IACRI;1° DOSE;5215
IACANGA;1° DOSE;8935
HORTOLÂNDIA;1° DOSE;181344
HOLAMBRA;1° DOSE;13024
HERCULÂNDIA;1° DOSE;6922
GUZOLÂNDIA;1° DOSE;3731
GUATAPARÁ;1° DOSE;6035
GUARULHOS;1° DOSE;1034669
GUARUJÁ;1° DOSE;236491
GUARIBA;1° DOSE;30497
GUAREÍ;1° DOSE;13225
GUARATINGUETÁ;1° DOSE;95455
GUARAREMA;1° DOSE;26056
GUARARAPES;1° DOSE;25441
GUARANTÃ;1° DOSE;5031
GUARANI D'OESTE;1° DOSE;1724
GUARACI;1° DOSE;8371
GUARAÇAÍ;1° DOSE;6444
GUARÁ;1° DOSE;15580
GUAPIARA;1° DOSE;14245
GUAPIAÇU;1° DOSE;17357
GUAÍRA;1° DOSE;32444
GUAIMBÊ;1° DOSE;4341
GUAIÇARA;1° DOSE;9141
GLICÉRIO;1° DOSE;3587
GETULINA;1° DOSE;8924
GENERAL SALGADO;1° DOSE;8625
GAVIÃO PEIXOTO;1° DOSE;3852
GASTÃO VIDIGAL;1° DOSE;2862
GARÇA;1° DOSE;34672
GÁLIA;1° DOSE;5474
GABRIEL MONTEIRO;1° DOSE;2315
FRANCO DA ROCHA;1° DOSE;121432
FRANCISCO MORATO;1° DOSE;133580
FRANCA;1° DOSE;277411
FLORÍNEA;1° DOSE;3957
FLÓRIDA PAULISTA;1° DOSE;10138
FLOREAL;1° DOSE;2449
FLORA RICA;1° DOSE;1305
FERRAZ DE VASCONCELOS;1° DOSE;129829
FERNÃO;1° DOSE;1436
FERNANDÓPOLIS;1° DOSE;58934
FERNANDO PRESTES;1° DOSE;4899
FARTURA;1° DOSE;12873
EUCLIDES DA CUNHA PAULISTA;1° DOSE;6375
ESTRELA DO NORTE;1° DOSE;2250
ESTRELA D'OESTE;1° DOSE;7263
ESTIVA GERBI;1° DOSE;8770
ESPÍRITO SANTO DO TURVO;1° DOSE;3977
ESPÍRITO SANTO DO PINHAL;1° DOSE;34890
ENGENHEIRO COELHO;1° DOSE;16031
EMILIANÓPOLIS;1° DOSE;2564
EMBU-GUAÇU;1° DOSE;51083
EMBU DAS ARTES;1° DOSE;201248
EMBAÚBA;1° DOSE;1849
ELISIÁRIO;1° DOSE;2635
ELIAS FAUSTO;1° DOSE;14043
ELDORADO;1° DOSE;10492
ECHAPORÃ;1° DOSE;5246
DUMONT;1° DOSE;8264
DUARTINA;1° DOSE;10546
DRACENA;1° DOSE;37905
DOURADO;1° DOSE;7307
DOLCINÓPOLIS;1° DOSE;1972
DOIS CÓRREGOS;1° DOSE;20200
DOBRADA;1° DOSE;6806
DIVINOLÂNDIA;1° DOSE;10051
DIRCE REIS;1° DOSE;1443
DIADEMA;1° DOSE;328884
DESCALVADO;1° DOSE;27301
CUNHA;1° DOSE;17963
CUBATÃO;1° DOSE;88536
CRUZEIRO;1° DOSE;63281
CRUZÁLIA;1° DOSE;1793
CRISTAIS PAULISTA;1° DOSE;7160
CRAVINHOS;1° DOSE;28504
COTIA;1° DOSE;189564
COSMORAMA;1° DOSE;6839
COSMÓPOLIS;1° DOSE;45914
CORUMBATAÍ;1° DOSE;3216
CORONEL MACEDO;1° DOSE;3876
COROADOS;1° DOSE;4455
CORDEIRÓPOLIS;1° DOSE;19691
CONCHAS;1° DOSE;13631
CONCHAL;1° DOSE;22845
COLÔMBIA;1° DOSE;5356
COLINA;1° DOSE;14752
CLEMENTINA;1° DOSE;5825
CHAVANTES;1° DOSE;9703
CHARQUEADA;1° DOSE;13227
CESÁRIO LANGE;1° DOSE;14670
CERQUILHO;1° DOSE;37603
CERQUEIRA CÉSAR;1° DOSE;18579
CEDRAL;1° DOSE;8250
CATIGUÁ;1° DOSE;6061
CATANDUVA;1° DOSE;96581
CASTILHO;1° DOSE;15929
CÁSSIA DOS COQUEIROS;1° DOSE;2284
CASA BRANCA;1° DOSE;23529
CARDOSO;1° DOSE;9980
CARAPICUÍBA;1° DOSE;314843
CARAGUATATUBA;1° DOSE;99293
CAPIVARI;1° DOSE;41485
CAPELA DO ALTO;1° DOSE;19149
CAPÃO BONITO;1° DOSE;37347
CANITAR;1° DOSE;4118
CÂNDIDO RODRIGUES;1° DOSE;2443
CÂNDIDO MOTA;1° DOSE;24027
CANAS;1° DOSE;3642
CANANÉIA;1° DOSE;10332
CAMPOS NOVOS PAULISTA;1° DOSE;3889
CAMPOS DO JORDÃO;1° DOSE;41272
CAMPO LIMPO PAULISTA;1° DOSE;61438
CAMPINAS;1° DOSE;928933
CAMPINA DO MONTE ALEGRE;1° DOSE;5145
CAJURU;1° DOSE;19722
CAJOBI;1° DOSE;7773
CAJATI;1° DOSE;23225
CAJAMAR;1° DOSE;70312
CAIUÁ;1° DOSE;6347
CAIEIRAS;1° DOSE;74690
CAIABU;1° DOSE;3117
CAFELÂNDIA;1° DOSE;13447
CACONDE;1° DOSE;15110
CACHOEIRA PAULISTA;1° DOSE;24492
CAÇAPAVA;1° DOSE;74882
CABREÚVA;1° DOSE;41052
CABRÁLIA PAULISTA;1° DOSE;3519
BURITIZAL;1° DOSE;3520
BURITAMA;1° DOSE;13917
BURI;1° DOSE;16119
BROTAS;1° DOSE;19692
BRODOWSKI;1° DOSE;19608
BREJO ALEGRE;1° DOSE;2127
BRAÚNA;1° DOSE;4402
BRAGANÇA PAULISTA;1° DOSE;145996
BOTUCATU;1° DOSE;136855
BOREBI;1° DOSE;2095
BORBOREMA;1° DOSE;12350
BORACÉIA;1° DOSE;3807
BORÁ;1° DOSE;836
BOM SUCESSO DE ITARARÉ;1° DOSE;3015
BOM JESUS DOS PERDÕES;1° DOSE;19438
BOITUVA;1° DOSE;46948
BOFETE;1° DOSE;8730
BOCAINA;1° DOSE;9168
BOA ESPERANÇA DO SUL;1° DOSE;10850
BIRITIBA MIRIM;1° DOSE;23778
BIRIGUI;1° DOSE;94409
BILAC;1° DOSE;6217
BERTIOGA;1° DOSE;53174
BERNARDINO DE CAMPOS;1° DOSE;10231
BENTO DE ABREU;1° DOSE;2074
BEBEDOURO;1° DOSE;62717
BAURU;1° DOSE;304029
BATATAIS;1° DOSE;49309
BASTOS;1° DOSE;17976
BARUERI;1° DOSE;217798
BARRINHA;1° DOSE;24085
BARRETOS;1° DOSE;101851
BARRA DO TURVO;1° DOSE;6136
BARRA DO CHAPÉU;1° DOSE;4336
BARRA BONITA;1° DOSE;29135
BARIRI;1° DOSE;25558
BARBOSA;1° DOSE;5209
BARÃO DE ANTONINA;1° DOSE;2934
BANANAL;1° DOSE;8522
BÁLSAMO;1° DOSE;7352
BALBINOS;1° DOSE;4545
BADY BASSITT;1° DOSE;15379
AVARÉ;1° DOSE;76035
AVANHANDAVA;1° DOSE;9660
AVAÍ;1° DOSE;4226
AURIFLAMA;1° DOSE;11061
ATIBAIA;1° DOSE;120450
ASSIS;1° DOSE;82159
ASPÁSIA;1° DOSE;1616
ARUJÁ;1° DOSE;68998
ARTUR NOGUEIRA;1° DOSE;41854
ARIRANHA;1° DOSE;6654
AREIÓPOLIS;1° DOSE;7803
AREIAS;1° DOSE;3085
AREALVA;1° DOSE;6947
ARCO-ÍRIS;1° DOSE;1688
ARARAS;1° DOSE;107165
ARARAQUARA;1° DOSE;196739
ARAPEÍ;1° DOSE;2009
ARANDU;1° DOSE;5169
ARAMINA;1° DOSE;4391
ARAÇOIABA DA SERRA;1° DOSE;26074
ARAÇATUBA;1° DOSE;160753
ARAÇARIGUAMA;1° DOSE;17194
APIAÍ;1° DOSE;19413
APARECIDA D'OESTE;1° DOSE;3711
APARECIDA;1° DOSE;27604
ANHUMAS;1° DOSE;3245
ANHEMBI;1° DOSE;5107
ANGATUBA;1° DOSE;19101
ANDRADINA;1° DOSE;46750
ANALÂNDIA;1° DOSE;3631
AMPARO;1° DOSE;59676
AMÉRICO DE CAMPOS;1° DOSE;4836
AMÉRICO BRASILIENSE;1° DOSE;28142
AMERICANA;1° DOSE;189525
ALVINLÂNDIA;1° DOSE;2481
ÁLVARO DE CARVALHO;1° DOSE;5350
ÁLVARES MACHADO;1° DOSE;19664
ÁLVARES FLORENCE;1° DOSE;3292
ALUMÍNIO;1° DOSE;13710
ALTO ALEGRE;1° DOSE;3347
ALTINÓPOLIS;1° DOSE;13465
ALTAIR;1° DOSE;2898
ALFREDO MARCONDES;1° DOSE;3814
ALAMBARI;1° DOSE;4639
AGUDOS;1° DOSE;31566
ÁGUAS DE SÃO PEDRO;1° DOSE;3406
ÁGUAS DE SANTA BÁRBARA;1° DOSE;5086
ÁGUAS DE LINDÓIA;1° DOSE;16233
ÁGUAS DA PRATA;1° DOSE;6539
AGUAÍ;1° DOSE;27270
ADOLFO;1° DOSE;3666
ADAMANTINA;1° DOSE;29416
